domain,response,model_type,term,test,statistic,df1,df2,n,estimate,units,pct_change,ci_low,ci_high,p_value,qualitative,source_script,source_artifact
Morphology,Hole in center,GLMM (binomial),day,Wald chi-sq,36.9615,3,NA,NA,NA,NA,NA,NA,NA,0,day effect on hole_in_center (significant),code/04_physio_morphology.R,output/tables/04_morphology_trait_anova_genet.csv
Morphology,Hole in center,GLMM (binomial),day:thicket,Wald chi-sq,2.2977,2,NA,NA,NA,NA,NA,NA,NA,0.317,day:thicket effect on hole_in_center (n.s.),code/04_physio_morphology.R,output/tables/04_morphology_trait_anova_genet.csv
Morphology,Hole in center,GLMM (binomial),thicket,Wald chi-sq,5.8935,5,NA,NA,NA,NA,NA,NA,NA,0.3167,thicket effect on hole_in_center (n.s.),code/04_physio_morphology.R,output/tables/04_morphology_trait_anova_genet.csv
Morphology,Hole in center,GLMM (binomial),treatment,Wald chi-sq,0.7621,4,NA,NA,NA,NA,NA,NA,NA,0.9435,treatment effect on hole_in_center (n.s.),code/04_physio_morphology.R,output/tables/04_morphology_trait_anova_genet.csv
Morphology,Hole in center,GLMM (binomial),treatment:day,Wald chi-sq,0.0125,1,NA,NA,NA,NA,NA,NA,NA,0.911,treatment:day effect on hole_in_center (n.s.),code/04_physio_morphology.R,output/tables/04_morphology_trait_anova_genet.csv
Morphology,Hole in center,GLMM (binomial),treatment:day:thicket,Wald chi-sq,0,2,NA,NA,NA,NA,NA,NA,NA,1,treatment:day:thicket effect on hole_in_center (n.s.),code/04_physio_morphology.R,output/tables/04_morphology_trait_anova_genet.csv
Morphology,Hole in center,GLMM (binomial),treatment:thicket,Wald chi-sq,0.45,2,NA,NA,NA,NA,NA,NA,NA,0.7985,treatment:thicket effect on hole_in_center (n.s.),code/04_physio_morphology.R,output/tables/04_morphology_trait_anova_genet.csv
Morphology,Hole in center,"GLMM (binomial, blme Cauchy(0,2.5))",fixed: day,Wald z,2578.6075,NA,NA,NA,NA,log-odds [residual separation],NA,NA,NA,NA,"fixed: day: residual separation after Cauchy(0,2.5) prior — report omnibus chi-sq only",code/12c_morph_blme.R,output/tables/12c_morph_blme_fixed_effects.csv
Morphology,Hole in center,"GLMM (binomial, blme Cauchy(0,2.5))",fixed: day:thicketc,Wald z,-2469.0665,NA,NA,NA,NA,log-odds [residual separation],NA,NA,NA,NA,"fixed: day:thicketc: residual separation after Cauchy(0,2.5) prior — report omnibus chi-sq only",code/12c_morph_blme.R,output/tables/12c_morph_blme_fixed_effects.csv
Morphology,Hole in center,"GLMM (binomial, blme Cauchy(0,2.5))",fixed: day:thicketd,Wald z,-2340.0577,NA,NA,NA,NA,log-odds [residual separation],NA,NA,NA,NA,"fixed: day:thicketd: residual separation after Cauchy(0,2.5) prior — report omnibus chi-sq only",code/12c_morph_blme.R,output/tables/12c_morph_blme_fixed_effects.csv
Morphology,Hole in center,"GLMM (binomial, blme Cauchy(0,2.5))",fixed: thicketc,Wald z,7250.4337,NA,NA,NA,NA,log-odds [residual separation],NA,NA,NA,NA,"fixed: thicketc: residual separation after Cauchy(0,2.5) prior — report omnibus chi-sq only",code/12c_morph_blme.R,output/tables/12c_morph_blme_fixed_effects.csv
Morphology,Hole in center,"GLMM (binomial, blme Cauchy(0,2.5))",fixed: thicketd,Wald z,6884.3882,NA,NA,NA,NA,log-odds [residual separation],NA,NA,NA,NA,"fixed: thicketd: residual separation after Cauchy(0,2.5) prior — report omnibus chi-sq only",code/12c_morph_blme.R,output/tables/12c_morph_blme_fixed_effects.csv
Morphology,Hole in center,"GLMM (binomial, blme Cauchy(0,2.5))",fixed: treatment31C,Wald z,-52.9299,NA,NA,NA,-0.4087,log-odds,-33.5481,-0.4238,-0.3936,0,"fixed: treatment31C: OR=0.66 (sig, blme penalized)",code/12c_morph_blme.R,output/tables/12c_morph_blme_fixed_effects.csv
Morphology,Hole in center,"GLMM (binomial, blme Cauchy(0,2.5))",fixed: treatment31C:day,Wald z,72.0824,NA,NA,NA,0.5566,log-odds,74.4746,0.5415,0.5717,0,"fixed: treatment31C:day: OR=1.74 (sig, blme penalized)",code/12c_morph_blme.R,output/tables/12c_morph_blme_fixed_effects.csv
Morphology,Hole in center,"GLMM (binomial, blme Cauchy(0,2.5))",fixed: treatment31C:day:thicketc,Wald z,-73.664,NA,NA,NA,-0.5688,log-odds,-43.3804,-0.5839,-0.5537,0,"fixed: treatment31C:day:thicketc: OR=0.57 (sig, blme penalized)",code/12c_morph_blme.R,output/tables/12c_morph_blme_fixed_effects.csv
Morphology,Hole in center,"GLMM (binomial, blme Cauchy(0,2.5))",fixed: treatment31C:day:thicketd,Wald z,2306.285,NA,NA,NA,NA,log-odds [residual separation],NA,NA,NA,NA,"fixed: treatment31C:day:thicketd: residual separation after Cauchy(0,2.5) prior — report omnibus chi-sq only",code/12c_morph_blme.R,output/tables/12c_morph_blme_fixed_effects.csv
Morphology,Hole in center,"GLMM (binomial, blme Cauchy(0,2.5))",fixed: treatment31C:thicketc,Wald z,81.7835,NA,NA,NA,0.6315,log-odds,88.049,0.6164,0.6467,0,"fixed: treatment31C:thicketc: OR=1.88 (sig, blme penalized)",code/12c_morph_blme.R,output/tables/12c_morph_blme_fixed_effects.csv
Morphology,Hole in center,"GLMM (binomial, blme Cauchy(0,2.5))",fixed: treatment31C:thicketd,Wald z,-6973.9726,NA,NA,NA,NA,log-odds [residual separation],NA,NA,NA,NA,"fixed: treatment31C:thicketd: residual separation after Cauchy(0,2.5) prior — report omnibus chi-sq only",code/12c_morph_blme.R,output/tables/12c_morph_blme_fixed_effects.csv
Morphology,New corallites on tip,GLMM (binomial),day,Wald chi-sq,15.0077,3,NA,NA,NA,NA,NA,NA,NA,0.0018,day effect on new_corallites_on_tip (significant),code/04_physio_morphology.R,output/tables/04_morphology_trait_anova_genet.csv
Morphology,New corallites on tip,GLMM (binomial),day:thicket,Wald chi-sq,2.2539,2,NA,NA,NA,NA,NA,NA,NA,0.324,day:thicket effect on new_corallites_on_tip (n.s.),code/04_physio_morphology.R,output/tables/04_morphology_trait_anova_genet.csv
Morphology,New corallites on tip,GLMM (binomial),thicket,Wald chi-sq,3.15,3,NA,NA,NA,NA,NA,NA,NA,0.3691,thicket effect on new_corallites_on_tip (n.s.),code/04_physio_morphology.R,output/tables/04_morphology_trait_anova_genet.csv
Morphology,New corallites on tip,GLMM (binomial),treatment,Wald chi-sq,1.7837,2,NA,NA,NA,NA,NA,NA,NA,0.4099,treatment effect on new_corallites_on_tip (n.s.),code/04_physio_morphology.R,output/tables/04_morphology_trait_anova_genet.csv
Morphology,New corallites on tip,GLMM (binomial),treatment:day,Wald chi-sq,0.1373,1,NA,NA,NA,NA,NA,NA,NA,0.711,treatment:day effect on new_corallites_on_tip (n.s.),code/04_physio_morphology.R,output/tables/04_morphology_trait_anova_genet.csv
Morphology,New corallites on tip,GLMM (binomial),treatment:day:thicket,Wald chi-sq,0,2,NA,NA,NA,NA,NA,NA,NA,1,treatment:day:thicket effect on new_corallites_on_tip (n.s.),code/04_physio_morphology.R,output/tables/04_morphology_trait_anova_genet.csv
Morphology,New corallites on tip,GLMM (binomial),treatment:thicket,Wald chi-sq,0,2,NA,NA,NA,NA,NA,NA,NA,1,treatment:thicket effect on new_corallites_on_tip (n.s.),code/04_physio_morphology.R,output/tables/04_morphology_trait_anova_genet.csv
Morphology,New corallites on tip,"GLMM (binomial, blme Cauchy(0,2.5))",fixed: day,Wald z,7639.9968,NA,NA,NA,NA,log-odds [residual separation],NA,NA,NA,NA,"fixed: day: residual separation after Cauchy(0,2.5) prior — report omnibus chi-sq only",code/12c_morph_blme.R,output/tables/12c_morph_blme_fixed_effects.csv
Morphology,New corallites on tip,"GLMM (binomial, blme Cauchy(0,2.5))",fixed: day:thicketc,Wald z,-7272.234,NA,NA,NA,NA,log-odds [residual separation],NA,NA,NA,NA,"fixed: day:thicketc: residual separation after Cauchy(0,2.5) prior — report omnibus chi-sq only",code/12c_morph_blme.R,output/tables/12c_morph_blme_fixed_effects.csv
Morphology,New corallites on tip,"GLMM (binomial, blme Cauchy(0,2.5))",fixed: day:thicketd,Wald z,-1.0444,NA,NA,NA,-0.0056,log-odds,-0.5543,-0.016,0.0049,0.2963,"fixed: day:thicketd: OR=0.99 (n.s., blme penalized)",code/12c_morph_blme.R,output/tables/12c_morph_blme_fixed_effects.csv
Morphology,New corallites on tip,"GLMM (binomial, blme Cauchy(0,2.5))",fixed: thicketc,Wald z,80121.8814,NA,NA,NA,NA,log-odds [residual separation],NA,NA,NA,NA,"fixed: thicketc: residual separation after Cauchy(0,2.5) prior — report omnibus chi-sq only",code/12c_morph_blme.R,output/tables/12c_morph_blme_fixed_effects.csv
Morphology,New corallites on tip,"GLMM (binomial, blme Cauchy(0,2.5))",fixed: thicketd,Wald z,0.9373,NA,NA,NA,0.005,log-odds,0.4975,-0.0054,0.0153,0.3486,"fixed: thicketd: OR=1.00 (n.s., blme penalized)",code/12c_morph_blme.R,output/tables/12c_morph_blme_fixed_effects.csv
Morphology,New corallites on tip,"GLMM (binomial, blme Cauchy(0,2.5))",fixed: treatment31C,Wald z,80167.1297,NA,NA,NA,NA,log-odds [residual separation],NA,NA,NA,NA,"fixed: treatment31C: residual separation after Cauchy(0,2.5) prior — report omnibus chi-sq only",code/12c_morph_blme.R,output/tables/12c_morph_blme_fixed_effects.csv
Morphology,New corallites on tip,"GLMM (binomial, blme Cauchy(0,2.5))",fixed: treatment31C:day,Wald z,-7627.2059,NA,NA,NA,NA,log-odds [residual separation],NA,NA,NA,NA,"fixed: treatment31C:day: residual separation after Cauchy(0,2.5) prior — report omnibus chi-sq only",code/12c_morph_blme.R,output/tables/12c_morph_blme_fixed_effects.csv
Morphology,New corallites on tip,"GLMM (binomial, blme Cauchy(0,2.5))",fixed: treatment31C:day:thicketc,Wald z,7675.0823,NA,NA,NA,NA,log-odds [residual separation],NA,NA,NA,NA,"fixed: treatment31C:day:thicketc: residual separation after Cauchy(0,2.5) prior — report omnibus chi-sq only",code/12c_morph_blme.R,output/tables/12c_morph_blme_fixed_effects.csv
Morphology,New corallites on tip,"GLMM (binomial, blme Cauchy(0,2.5))",fixed: treatment31C:day:thicketd,Wald z,118.915,NA,NA,NA,0.6329,log-odds,88.3089,0.6225,0.6433,0,"fixed: treatment31C:day:thicketd: OR=1.88 (sig, blme penalized)",code/12c_morph_blme.R,output/tables/12c_morph_blme_fixed_effects.csv
Morphology,New corallites on tip,"GLMM (binomial, blme Cauchy(0,2.5))",fixed: treatment31C:thicketc,Wald z,-81037.5574,NA,NA,NA,NA,log-odds [residual separation],NA,NA,NA,NA,"fixed: treatment31C:thicketc: residual separation after Cauchy(0,2.5) prior — report omnibus chi-sq only",code/12c_morph_blme.R,output/tables/12c_morph_blme_fixed_effects.csv
Morphology,New corallites on tip,"GLMM (binomial, blme Cauchy(0,2.5))",fixed: treatment31C:thicketd,Wald z,3032.2678,NA,NA,NA,NA,log-odds [residual separation],NA,NA,NA,NA,"fixed: treatment31C:thicketd: residual separation after Cauchy(0,2.5) prior — report omnibus chi-sq only",code/12c_morph_blme.R,output/tables/12c_morph_blme_fixed_effects.csv
Morphology,Pigment over wound,GLMM (binomial),day,Wald chi-sq,7.688,3,NA,NA,NA,NA,NA,NA,NA,0.0529,day effect on pigment_over_wound (n.s.),code/04_physio_morphology.R,output/tables/04_morphology_trait_anova_genet.csv
Morphology,Pigment over wound,GLMM (binomial),day:thicket,Wald chi-sq,5.2912,2,NA,NA,NA,NA,NA,NA,NA,0.071,day:thicket effect on pigment_over_wound (n.s.),code/04_physio_morphology.R,output/tables/04_morphology_trait_anova_genet.csv
Morphology,Pigment over wound,GLMM (binomial),thicket,Wald chi-sq,6.251,3,NA,NA,NA,NA,NA,NA,NA,0.1,thicket effect on pigment_over_wound (n.s.),code/04_physio_morphology.R,output/tables/04_morphology_trait_anova_genet.csv
Morphology,Pigment over wound,GLMM (binomial),treatment,Wald chi-sq,0,1,NA,NA,NA,NA,NA,NA,NA,0.9977,treatment effect on pigment_over_wound (n.s.),code/04_physio_morphology.R,output/tables/04_morphology_trait_anova_genet.csv
Morphology,Pigment over wound,GLMM (binomial),treatment:day,Wald chi-sq,0,1,NA,NA,NA,NA,NA,NA,NA,0.999,treatment:day effect on pigment_over_wound (n.s.),code/04_physio_morphology.R,output/tables/04_morphology_trait_anova_genet.csv
Morphology,Pigment over wound,GLMM (binomial),treatment:day:thicket,Wald chi-sq,0,2,NA,NA,NA,NA,NA,NA,NA,1,treatment:day:thicket effect on pigment_over_wound (n.s.),code/04_physio_morphology.R,output/tables/04_morphology_trait_anova_genet.csv
Morphology,Pigment over wound,GLMM (binomial),treatment:thicket,Wald chi-sq,0,2,NA,NA,NA,NA,NA,NA,NA,1,treatment:thicket effect on pigment_over_wound (n.s.),code/04_physio_morphology.R,output/tables/04_morphology_trait_anova_genet.csv
Morphology,Pigment over wound,"GLMM (binomial, blme Cauchy(0,2.5))",fixed: day,Wald z,-0.2585,NA,NA,NA,-0.4009,log-odds,-33.0288,-3.4401,2.6383,0.796,"fixed: day: OR=0.67 (n.s., blme penalized)",code/12c_morph_blme.R,output/tables/12c_morph_blme_fixed_effects.csv
Morphology,Pigment over wound,"GLMM (binomial, blme Cauchy(0,2.5))",fixed: day:thicketc,Wald z,0.6388,NA,NA,NA,1.0132,log-odds,175.4313,-2.0956,4.122,0.523,"fixed: day:thicketc: OR=2.75 (n.s., blme penalized)",code/12c_morph_blme.R,output/tables/12c_morph_blme_fixed_effects.csv
Morphology,Pigment over wound,"GLMM (binomial, blme Cauchy(0,2.5))",fixed: day:thicketd,Wald z,0.1285,NA,NA,NA,0.2002,log-odds,22.1618,-2.8524,3.2528,0.8977,"fixed: day:thicketd: OR=1.22 (n.s., blme penalized)",code/12c_morph_blme.R,output/tables/12c_morph_blme_fixed_effects.csv
Morphology,Pigment over wound,"GLMM (binomial, blme Cauchy(0,2.5))",fixed: thicketc,Wald z,-0.7077,NA,NA,NA,-4.6141,log-odds,-99.0089,-17.3925,8.1643,0.4791,"fixed: thicketc: OR=0.01 (n.s., blme penalized)",code/12c_morph_blme.R,output/tables/12c_morph_blme_fixed_effects.csv
Morphology,Pigment over wound,"GLMM (binomial, blme Cauchy(0,2.5))",fixed: thicketd,Wald z,0.7237,NA,NA,NA,3.4641,log-odds,3094.7041,-5.9183,12.8464,0.4693,"fixed: thicketd: OR=31.95 (n.s., blme penalized)",code/12c_morph_blme.R,output/tables/12c_morph_blme_fixed_effects.csv
Morphology,Pigment over wound,"GLMM (binomial, blme Cauchy(0,2.5))",fixed: treatment31C,Wald z,0.7477,NA,NA,NA,3.5937,log-odds,3536.7883,-5.8267,13.0141,0.4546,"fixed: treatment31C: OR=36.37 (n.s., blme penalized)",code/12c_morph_blme.R,output/tables/12c_morph_blme_fixed_effects.csv
Morphology,Pigment over wound,"GLMM (binomial, blme Cauchy(0,2.5))",fixed: treatment31C:day,Wald z,0.1434,NA,NA,NA,0.2231,log-odds,24.993,-2.8262,3.2724,0.886,"fixed: treatment31C:day: OR=1.25 (n.s., blme penalized)",code/12c_morph_blme.R,output/tables/12c_morph_blme_fixed_effects.csv
Morphology,Pigment over wound,"GLMM (binomial, blme Cauchy(0,2.5))",fixed: treatment31C:day:thicketc,Wald z,0.943,NA,NA,NA,2.0542,log-odds,680.0596,-2.2153,6.3237,0.3457,"fixed: treatment31C:day:thicketc: OR=7.80 (n.s., blme penalized)",code/12c_morph_blme.R,output/tables/12c_morph_blme_fixed_effects.csv
Morphology,Pigment over wound,"GLMM (binomial, blme Cauchy(0,2.5))",fixed: treatment31C:day:thicketd,Wald z,-0.0818,NA,NA,NA,-1.6425,log-odds,-80.6499,-40.9781,37.6932,0.9348,"fixed: treatment31C:day:thicketd: OR=0.19 (n.s., blme penalized)",code/12c_morph_blme.R,output/tables/12c_morph_blme_fixed_effects.csv
Morphology,Pigment over wound,"GLMM (binomial, blme Cauchy(0,2.5))",fixed: treatment31C:thicketc,Wald z,-1.5917,NA,NA,NA,NA,log-odds [residual separation],NA,NA,NA,NA,"fixed: treatment31C:thicketc: residual separation after Cauchy(0,2.5) prior — report omnibus chi-sq only",code/12c_morph_blme.R,output/tables/12c_morph_blme_fixed_effects.csv
Morphology,Pigment over wound,"GLMM (binomial, blme Cauchy(0,2.5))",fixed: treatment31C:thicketd,Wald z,-0.6447,NA,NA,NA,-8.44,log-odds,-99.9784,-34.0975,17.2175,0.5191,"fixed: treatment31C:thicketd: OR=0.00 (n.s., blme penalized)",code/12c_morph_blme.R,output/tables/12c_morph_blme_fixed_effects.csv
Morphology,Polyp in hole,GLMM (binomial),day,Wald chi-sq,36.9615,3,NA,NA,NA,NA,NA,NA,NA,0,day effect on polyp_in_hole (significant),code/04_physio_morphology.R,output/tables/04_morphology_trait_anova_genet.csv
Morphology,Polyp in hole,GLMM (binomial),day:thicket,Wald chi-sq,2.2977,2,NA,NA,NA,NA,NA,NA,NA,0.317,day:thicket effect on polyp_in_hole (n.s.),code/04_physio_morphology.R,output/tables/04_morphology_trait_anova_genet.csv
Morphology,Polyp in hole,GLMM (binomial),thicket,Wald chi-sq,5.8935,5,NA,NA,NA,NA,NA,NA,NA,0.3167,thicket effect on polyp_in_hole (n.s.),code/04_physio_morphology.R,output/tables/04_morphology_trait_anova_genet.csv
Morphology,Polyp in hole,GLMM (binomial),treatment,Wald chi-sq,0.7621,4,NA,NA,NA,NA,NA,NA,NA,0.9435,treatment effect on polyp_in_hole (n.s.),code/04_physio_morphology.R,output/tables/04_morphology_trait_anova_genet.csv
Morphology,Polyp in hole,GLMM (binomial),treatment:day,Wald chi-sq,0.0125,1,NA,NA,NA,NA,NA,NA,NA,0.911,treatment:day effect on polyp_in_hole (n.s.),code/04_physio_morphology.R,output/tables/04_morphology_trait_anova_genet.csv
Morphology,Polyp in hole,GLMM (binomial),treatment:day:thicket,Wald chi-sq,0,2,NA,NA,NA,NA,NA,NA,NA,1,treatment:day:thicket effect on polyp_in_hole (n.s.),code/04_physio_morphology.R,output/tables/04_morphology_trait_anova_genet.csv
Morphology,Polyp in hole,GLMM (binomial),treatment:thicket,Wald chi-sq,0.45,2,NA,NA,NA,NA,NA,NA,NA,0.7985,treatment:thicket effect on polyp_in_hole (n.s.),code/04_physio_morphology.R,output/tables/04_morphology_trait_anova_genet.csv
Morphology,Polyp in hole,"GLMM (binomial, blme Cauchy(0,2.5))",fixed: day,Wald z,2578.6075,NA,NA,NA,NA,log-odds [residual separation],NA,NA,NA,NA,"fixed: day: residual separation after Cauchy(0,2.5) prior — report omnibus chi-sq only",code/12c_morph_blme.R,output/tables/12c_morph_blme_fixed_effects.csv
Morphology,Polyp in hole,"GLMM (binomial, blme Cauchy(0,2.5))",fixed: day:thicketc,Wald z,-2469.0665,NA,NA,NA,NA,log-odds [residual separation],NA,NA,NA,NA,"fixed: day:thicketc: residual separation after Cauchy(0,2.5) prior — report omnibus chi-sq only",code/12c_morph_blme.R,output/tables/12c_morph_blme_fixed_effects.csv
Morphology,Polyp in hole,"GLMM (binomial, blme Cauchy(0,2.5))",fixed: day:thicketd,Wald z,-2340.0577,NA,NA,NA,NA,log-odds [residual separation],NA,NA,NA,NA,"fixed: day:thicketd: residual separation after Cauchy(0,2.5) prior — report omnibus chi-sq only",code/12c_morph_blme.R,output/tables/12c_morph_blme_fixed_effects.csv
Morphology,Polyp in hole,"GLMM (binomial, blme Cauchy(0,2.5))",fixed: thicketc,Wald z,7250.4337,NA,NA,NA,NA,log-odds [residual separation],NA,NA,NA,NA,"fixed: thicketc: residual separation after Cauchy(0,2.5) prior — report omnibus chi-sq only",code/12c_morph_blme.R,output/tables/12c_morph_blme_fixed_effects.csv
Morphology,Polyp in hole,"GLMM (binomial, blme Cauchy(0,2.5))",fixed: thicketd,Wald z,6884.3882,NA,NA,NA,NA,log-odds [residual separation],NA,NA,NA,NA,"fixed: thicketd: residual separation after Cauchy(0,2.5) prior — report omnibus chi-sq only",code/12c_morph_blme.R,output/tables/12c_morph_blme_fixed_effects.csv
Morphology,Polyp in hole,"GLMM (binomial, blme Cauchy(0,2.5))",fixed: treatment31C,Wald z,-52.9299,NA,NA,NA,-0.4087,log-odds,-33.5481,-0.4238,-0.3936,0,"fixed: treatment31C: OR=0.66 (sig, blme penalized)",code/12c_morph_blme.R,output/tables/12c_morph_blme_fixed_effects.csv
Morphology,Polyp in hole,"GLMM (binomial, blme Cauchy(0,2.5))",fixed: treatment31C:day,Wald z,72.0824,NA,NA,NA,0.5566,log-odds,74.4746,0.5415,0.5717,0,"fixed: treatment31C:day: OR=1.74 (sig, blme penalized)",code/12c_morph_blme.R,output/tables/12c_morph_blme_fixed_effects.csv
Morphology,Polyp in hole,"GLMM (binomial, blme Cauchy(0,2.5))",fixed: treatment31C:day:thicketc,Wald z,-73.664,NA,NA,NA,-0.5688,log-odds,-43.3804,-0.5839,-0.5537,0,"fixed: treatment31C:day:thicketc: OR=0.57 (sig, blme penalized)",code/12c_morph_blme.R,output/tables/12c_morph_blme_fixed_effects.csv
Morphology,Polyp in hole,"GLMM (binomial, blme Cauchy(0,2.5))",fixed: treatment31C:day:thicketd,Wald z,2306.285,NA,NA,NA,NA,log-odds [residual separation],NA,NA,NA,NA,"fixed: treatment31C:day:thicketd: residual separation after Cauchy(0,2.5) prior — report omnibus chi-sq only",code/12c_morph_blme.R,output/tables/12c_morph_blme_fixed_effects.csv
Morphology,Polyp in hole,"GLMM (binomial, blme Cauchy(0,2.5))",fixed: treatment31C:thicketc,Wald z,81.7835,NA,NA,NA,0.6315,log-odds,88.049,0.6164,0.6467,0,"fixed: treatment31C:thicketc: OR=1.88 (sig, blme penalized)",code/12c_morph_blme.R,output/tables/12c_morph_blme_fixed_effects.csv
Morphology,Polyp in hole,"GLMM (binomial, blme Cauchy(0,2.5))",fixed: treatment31C:thicketd,Wald z,-6973.9726,NA,NA,NA,NA,log-odds [residual separation],NA,NA,NA,NA,"fixed: treatment31C:thicketd: residual separation after Cauchy(0,2.5) prior — report omnibus chi-sq only",code/12c_morph_blme.R,output/tables/12c_morph_blme_fixed_effects.csv
Morphology,Polyps out,GLMM (binomial),day,Wald chi-sq,0.0076,1,NA,NA,NA,NA,NA,NA,NA,0.9304,day effect on polyps_out (n.s.),code/04_physio_morphology.R,output/tables/04_morphology_trait_anova_genet.csv
Morphology,Polyps out,GLMM (binomial),day:thicket,Wald chi-sq,3.9597,2,NA,NA,NA,NA,NA,NA,NA,0.1381,day:thicket effect on polyps_out (n.s.),code/04_physio_morphology.R,output/tables/04_morphology_trait_anova_genet.csv
Morphology,Polyps out,GLMM (binomial),thicket,Wald chi-sq,1.6964,2,NA,NA,NA,NA,NA,NA,NA,0.4282,thicket effect on polyps_out (n.s.),code/04_physio_morphology.R,output/tables/04_morphology_trait_anova_genet.csv
Morphology,Polyps out,GLMM (binomial),treatment,Wald chi-sq,2.9371,1,NA,NA,NA,NA,NA,NA,NA,0.0866,treatment effect on polyps_out (n.s.),code/04_physio_morphology.R,output/tables/04_morphology_trait_anova_genet.csv
Morphology,Polyps out,GLMM (binomial),treatment:day,Wald chi-sq,6.695,1,NA,NA,NA,NA,NA,NA,NA,0.0097,treatment:day effect on polyps_out (significant),code/04_physio_morphology.R,output/tables/04_morphology_trait_anova_genet.csv
Morphology,Polyps out,GLMM (binomial),treatment:day:thicket,Wald chi-sq,1.9687,2,NA,NA,NA,NA,NA,NA,NA,0.3737,treatment:day:thicket effect on polyps_out (n.s.),code/04_physio_morphology.R,output/tables/04_morphology_trait_anova_genet.csv
Morphology,Polyps out,GLMM (binomial),treatment:thicket,Wald chi-sq,0.4978,2,NA,NA,NA,NA,NA,NA,NA,0.7796,treatment:thicket effect on polyps_out (n.s.),code/04_physio_morphology.R,output/tables/04_morphology_trait_anova_genet.csv
Morphology,Polyps out,"GLMM (binomial, blme Cauchy(0,2.5))",fixed: day,Wald z,2.4315,NA,NA,NA,0.2344,log-odds,26.4189,0.0455,0.4234,0.015,"fixed: day: OR=1.26 (sig, blme penalized)",code/12c_morph_blme.R,output/tables/12c_morph_blme_fixed_effects.csv
Morphology,Polyps out,"GLMM (binomial, blme Cauchy(0,2.5))",fixed: day:thicketc,Wald z,0.13,NA,NA,NA,0.0179,log-odds,1.8071,-0.2522,0.288,0.8966,"fixed: day:thicketc: OR=1.02 (n.s., blme penalized)",code/12c_morph_blme.R,output/tables/12c_morph_blme_fixed_effects.csv
Morphology,Polyps out,"GLMM (binomial, blme Cauchy(0,2.5))",fixed: day:thicketd,Wald z,0.0128,NA,NA,NA,0.0017,log-odds,0.1728,-0.2628,0.2662,0.9898,"fixed: day:thicketd: OR=1.00 (n.s., blme penalized)",code/12c_morph_blme.R,output/tables/12c_morph_blme_fixed_effects.csv
Morphology,Polyps out,"GLMM (binomial, blme Cauchy(0,2.5))",fixed: thicketc,Wald z,0.148,NA,NA,NA,0.0647,log-odds,6.6829,-0.792,0.9213,0.8823,"fixed: thicketc: OR=1.07 (n.s., blme penalized)",code/12c_morph_blme.R,output/tables/12c_morph_blme_fixed_effects.csv
Morphology,Polyps out,"GLMM (binomial, blme Cauchy(0,2.5))",fixed: thicketd,Wald z,0.3345,NA,NA,NA,0.1446,log-odds,15.5524,-0.7024,0.9915,0.738,"fixed: thicketd: OR=1.16 (n.s., blme penalized)",code/12c_morph_blme.R,output/tables/12c_morph_blme_fixed_effects.csv
Morphology,Polyps out,"GLMM (binomial, blme Cauchy(0,2.5))",fixed: treatment31C,Wald z,1.2526,NA,NA,NA,0.5321,log-odds,70.2584,-0.3005,1.3648,0.2103,"fixed: treatment31C: OR=1.70 (n.s., blme penalized)",code/12c_morph_blme.R,output/tables/12c_morph_blme_fixed_effects.csv
Morphology,Polyps out,"GLMM (binomial, blme Cauchy(0,2.5))",fixed: treatment31C:day,Wald z,-3.2323,NA,NA,NA,-0.3279,log-odds,-27.9577,-0.5268,-0.1291,0.0012,"fixed: treatment31C:day: OR=0.72 (sig, blme penalized)",code/12c_morph_blme.R,output/tables/12c_morph_blme_fixed_effects.csv
Morphology,Polyps out,"GLMM (binomial, blme Cauchy(0,2.5))",fixed: treatment31C:day:thicketc,Wald z,1.3791,NA,NA,NA,0.2158,log-odds,24.0846,-0.0909,0.5225,0.1679,"fixed: treatment31C:day:thicketc: OR=1.24 (n.s., blme penalized)",code/12c_morph_blme.R,output/tables/12c_morph_blme_fixed_effects.csv
Morphology,Polyps out,"GLMM (binomial, blme Cauchy(0,2.5))",fixed: treatment31C:day:thicketd,Wald z,0.2141,NA,NA,NA,0.0299,log-odds,3.0365,-0.2439,0.3037,0.8305,"fixed: treatment31C:day:thicketd: OR=1.03 (n.s., blme penalized)",code/12c_morph_blme.R,output/tables/12c_morph_blme_fixed_effects.csv
Morphology,Polyps out,"GLMM (binomial, blme Cauchy(0,2.5))",fixed: treatment31C:thicketc,Wald z,-0.1582,NA,NA,NA,-0.0787,log-odds,-7.565,-1.0536,0.8962,0.8743,"fixed: treatment31C:thicketc: OR=0.92 (n.s., blme penalized)",code/12c_morph_blme.R,output/tables/12c_morph_blme_fixed_effects.csv
Morphology,Polyps out,"GLMM (binomial, blme Cauchy(0,2.5))",fixed: treatment31C:thicketd,Wald z,0.0487,NA,NA,NA,0.0235,log-odds,2.3818,-0.9235,0.9706,0.9611,"fixed: treatment31C:thicketd: OR=1.02 (n.s., blme penalized)",code/12c_morph_blme.R,output/tables/12c_morph_blme_fixed_effects.csv
Morphology,Tip exist,GLMM (binomial),day,Wald chi-sq,52.2232,4,NA,NA,NA,NA,NA,NA,NA,0,day effect on tip_exist (significant),code/04_physio_morphology.R,output/tables/04_morphology_trait_anova_genet.csv
Morphology,Tip exist,GLMM (binomial),day:thicket,Wald chi-sq,9.272,2,NA,NA,NA,NA,NA,NA,NA,0.0097,day:thicket effect on tip_exist (significant),code/04_physio_morphology.R,output/tables/04_morphology_trait_anova_genet.csv
Morphology,Tip exist,GLMM (binomial),thicket,Wald chi-sq,10.1001,4,NA,NA,NA,NA,NA,NA,NA,0.0388,thicket effect on tip_exist (significant),code/04_physio_morphology.R,output/tables/04_morphology_trait_anova_genet.csv
Morphology,Tip exist,GLMM (binomial),treatment,Wald chi-sq,4.1241,2,NA,NA,NA,NA,NA,NA,NA,0.1272,treatment effect on tip_exist (n.s.),code/04_physio_morphology.R,output/tables/04_morphology_trait_anova_genet.csv
Morphology,Tip exist,GLMM (binomial),treatment:day,Wald chi-sq,2.8312,1,NA,NA,NA,NA,NA,NA,NA,0.0924,treatment:day effect on tip_exist (n.s.),code/04_physio_morphology.R,output/tables/04_morphology_trait_anova_genet.csv
Morphology,Tip exist,GLMM (binomial),treatment:day:thicket,Wald chi-sq,0,2,NA,NA,NA,NA,NA,NA,NA,1,treatment:day:thicket effect on tip_exist (n.s.),code/04_physio_morphology.R,output/tables/04_morphology_trait_anova_genet.csv
Morphology,Tip exist,GLMM (binomial),treatment:thicket,Wald chi-sq,0,2,NA,NA,NA,NA,NA,NA,NA,1,treatment:thicket effect on tip_exist (n.s.),code/04_physio_morphology.R,output/tables/04_morphology_trait_anova_genet.csv
Morphology,Tip exist,"GLMM (binomial, blme Cauchy(0,2.5))",fixed: day,Wald z,5957.7954,NA,NA,NA,NA,log-odds [residual separation],NA,NA,NA,NA,"fixed: day: residual separation after Cauchy(0,2.5) prior — report omnibus chi-sq only",code/12c_morph_blme.R,output/tables/12c_morph_blme_fixed_effects.csv
Morphology,Tip exist,"GLMM (binomial, blme Cauchy(0,2.5))",fixed: day:thicketc,Wald z,-5840.3249,NA,NA,NA,NA,log-odds [residual separation],NA,NA,NA,NA,"fixed: day:thicketc: residual separation after Cauchy(0,2.5) prior — report omnibus chi-sq only",code/12c_morph_blme.R,output/tables/12c_morph_blme_fixed_effects.csv
Morphology,Tip exist,"GLMM (binomial, blme Cauchy(0,2.5))",fixed: day:thicketd,Wald z,36.0005,NA,NA,NA,0.2578,log-odds,29.4138,0.2438,0.2719,0,"fixed: day:thicketd: OR=1.29 (sig, blme penalized)",code/12c_morph_blme.R,output/tables/12c_morph_blme_fixed_effects.csv
Morphology,Tip exist,"GLMM (binomial, blme Cauchy(0,2.5))",fixed: thicketc,Wald z,31136.0979,NA,NA,NA,NA,log-odds [residual separation],NA,NA,NA,NA,"fixed: thicketc: residual separation after Cauchy(0,2.5) prior — report omnibus chi-sq only",code/12c_morph_blme.R,output/tables/12c_morph_blme_fixed_effects.csv
Morphology,Tip exist,"GLMM (binomial, blme Cauchy(0,2.5))",fixed: thicketd,Wald z,-0.0021,NA,NA,NA,NA,log-odds [residual separation],NA,NA,NA,NA,"fixed: thicketd: residual separation after Cauchy(0,2.5) prior — report omnibus chi-sq only",code/12c_morph_blme.R,output/tables/12c_morph_blme_fixed_effects.csv
Morphology,Tip exist,"GLMM (binomial, blme Cauchy(0,2.5))",fixed: treatment31C,Wald z,178.6485,NA,NA,NA,NA,log-odds [residual separation],NA,NA,NA,NA,"fixed: treatment31C: residual separation after Cauchy(0,2.5) prior — report omnibus chi-sq only",code/12c_morph_blme.R,output/tables/12c_morph_blme_fixed_effects.csv
Morphology,Tip exist,"GLMM (binomial, blme Cauchy(0,2.5))",fixed: treatment31C:day,Wald z,-5631.9478,NA,NA,NA,NA,log-odds [residual separation],NA,NA,NA,NA,"fixed: treatment31C:day: residual separation after Cauchy(0,2.5) prior — report omnibus chi-sq only",code/12c_morph_blme.R,output/tables/12c_morph_blme_fixed_effects.csv
Morphology,Tip exist,"GLMM (binomial, blme Cauchy(0,2.5))",fixed: treatment31C:day:thicketc,Wald z,96.553,NA,NA,NA,NA,log-odds [residual separation],NA,NA,NA,NA,"fixed: treatment31C:day:thicketc: residual separation after Cauchy(0,2.5) prior — report omnibus chi-sq only",code/12c_morph_blme.R,output/tables/12c_morph_blme_fixed_effects.csv
Morphology,Tip exist,"GLMM (binomial, blme Cauchy(0,2.5))",fixed: treatment31C:day:thicketd,Wald z,-276.6779,NA,NA,NA,-1.9816,log-odds,-86.2157,-1.9957,-1.9676,0,"fixed: treatment31C:day:thicketd: OR=0.14 (sig, blme penalized)",code/12c_morph_blme.R,output/tables/12c_morph_blme_fixed_effects.csv
Morphology,Tip exist,"GLMM (binomial, blme Cauchy(0,2.5))",fixed: treatment31C:thicketc,Wald z,-74.6406,NA,NA,NA,NA,log-odds [residual separation],NA,NA,NA,NA,"fixed: treatment31C:thicketc: residual separation after Cauchy(0,2.5) prior — report omnibus chi-sq only",code/12c_morph_blme.R,output/tables/12c_morph_blme_fixed_effects.csv
Morphology,Tip exist,"GLMM (binomial, blme Cauchy(0,2.5))",fixed: treatment31C:thicketd,Wald z,0.1348,NA,NA,NA,NA,log-odds [residual separation],NA,NA,NA,NA,"fixed: treatment31C:thicketd: residual separation after Cauchy(0,2.5) prior — report omnibus chi-sq only",code/12c_morph_blme.R,output/tables/12c_morph_blme_fixed_effects.csv
Morphology,Tip extension,GLMM (binomial),day,Wald chi-sq,57.8941,4,NA,NA,NA,NA,NA,NA,NA,0,day effect on tip_extension (significant),code/04_physio_morphology.R,output/tables/04_morphology_trait_anova_genet.csv
Morphology,Tip extension,GLMM (binomial),day:thicket,Wald chi-sq,2.57,2,NA,NA,NA,NA,NA,NA,NA,0.2767,day:thicket effect on tip_extension (n.s.),code/04_physio_morphology.R,output/tables/04_morphology_trait_anova_genet.csv
Morphology,Tip extension,GLMM (binomial),thicket,Wald chi-sq,7.2212,4,NA,NA,NA,NA,NA,NA,NA,0.1246,thicket effect on tip_extension (n.s.),code/04_physio_morphology.R,output/tables/04_morphology_trait_anova_genet.csv
Morphology,Tip extension,GLMM (binomial),treatment,Wald chi-sq,2.1147,2,NA,NA,NA,NA,NA,NA,NA,0.3474,treatment effect on tip_extension (n.s.),code/04_physio_morphology.R,output/tables/04_morphology_trait_anova_genet.csv
Morphology,Tip extension,GLMM (binomial),treatment:day,Wald chi-sq,1.8253,1,NA,NA,NA,NA,NA,NA,NA,0.1767,treatment:day effect on tip_extension (n.s.),code/04_physio_morphology.R,output/tables/04_morphology_trait_anova_genet.csv
Morphology,Tip extension,GLMM (binomial),treatment:day:thicket,Wald chi-sq,0,2,NA,NA,NA,NA,NA,NA,NA,1,treatment:day:thicket effect on tip_extension (n.s.),code/04_physio_morphology.R,output/tables/04_morphology_trait_anova_genet.csv
Morphology,Tip extension,GLMM (binomial),treatment:thicket,Wald chi-sq,0,2,NA,NA,NA,NA,NA,NA,NA,1,treatment:thicket effect on tip_extension (n.s.),code/04_physio_morphology.R,output/tables/04_morphology_trait_anova_genet.csv
Morphology,Tip extension,"GLMM (binomial, blme Cauchy(0,2.5))",fixed: day,Wald z,0.0215,NA,NA,NA,NA,log-odds [residual separation],NA,NA,NA,NA,"fixed: day: residual separation after Cauchy(0,2.5) prior — report omnibus chi-sq only",code/12c_morph_blme.R,output/tables/12c_morph_blme_fixed_effects.csv
Morphology,Tip extension,"GLMM (binomial, blme Cauchy(0,2.5))",fixed: day:thicketc,Wald z,-0.0206,NA,NA,NA,NA,log-odds [residual separation],NA,NA,NA,NA,"fixed: day:thicketc: residual separation after Cauchy(0,2.5) prior — report omnibus chi-sq only",code/12c_morph_blme.R,output/tables/12c_morph_blme_fixed_effects.csv
Morphology,Tip extension,"GLMM (binomial, blme Cauchy(0,2.5))",fixed: day:thicketd,Wald z,-3e-4,NA,NA,NA,NA,log-odds [residual separation],NA,NA,NA,NA,"fixed: day:thicketd: residual separation after Cauchy(0,2.5) prior — report omnibus chi-sq only",code/12c_morph_blme.R,output/tables/12c_morph_blme_fixed_effects.csv
Morphology,Tip extension,"GLMM (binomial, blme Cauchy(0,2.5))",fixed: thicketc,Wald z,0.0213,NA,NA,NA,NA,log-odds [residual separation],NA,NA,NA,NA,"fixed: thicketc: residual separation after Cauchy(0,2.5) prior — report omnibus chi-sq only",code/12c_morph_blme.R,output/tables/12c_morph_blme_fixed_effects.csv
Morphology,Tip extension,"GLMM (binomial, blme Cauchy(0,2.5))",fixed: thicketd,Wald z,-0,NA,NA,NA,NA,log-odds [residual separation],NA,NA,NA,NA,"fixed: thicketd: residual separation after Cauchy(0,2.5) prior — report omnibus chi-sq only",code/12c_morph_blme.R,output/tables/12c_morph_blme_fixed_effects.csv
Morphology,Tip extension,"GLMM (binomial, blme Cauchy(0,2.5))",fixed: treatment31C,Wald z,0.0221,NA,NA,NA,NA,log-odds [residual separation],NA,NA,NA,NA,"fixed: treatment31C: residual separation after Cauchy(0,2.5) prior — report omnibus chi-sq only",code/12c_morph_blme.R,output/tables/12c_morph_blme_fixed_effects.csv
Morphology,Tip extension,"GLMM (binomial, blme Cauchy(0,2.5))",fixed: treatment31C:day,Wald z,-0.0211,NA,NA,NA,NA,log-odds [residual separation],NA,NA,NA,NA,"fixed: treatment31C:day: residual separation after Cauchy(0,2.5) prior — report omnibus chi-sq only",code/12c_morph_blme.R,output/tables/12c_morph_blme_fixed_effects.csv
Morphology,Tip extension,"GLMM (binomial, blme Cauchy(0,2.5))",fixed: treatment31C:day:thicketc,Wald z,0.0207,NA,NA,NA,NA,log-odds [residual separation],NA,NA,NA,NA,"fixed: treatment31C:day:thicketc: residual separation after Cauchy(0,2.5) prior — report omnibus chi-sq only",code/12c_morph_blme.R,output/tables/12c_morph_blme_fixed_effects.csv
Morphology,Tip extension,"GLMM (binomial, blme Cauchy(0,2.5))",fixed: treatment31C:day:thicketd,Wald z,2e-4,NA,NA,NA,NA,log-odds [residual separation],NA,NA,NA,NA,"fixed: treatment31C:day:thicketd: residual separation after Cauchy(0,2.5) prior — report omnibus chi-sq only",code/12c_morph_blme.R,output/tables/12c_morph_blme_fixed_effects.csv
Morphology,Tip extension,"GLMM (binomial, blme Cauchy(0,2.5))",fixed: treatment31C:thicketc,Wald z,-0.0215,NA,NA,NA,NA,log-odds [residual separation],NA,NA,NA,NA,"fixed: treatment31C:thicketc: residual separation after Cauchy(0,2.5) prior — report omnibus chi-sq only",code/12c_morph_blme.R,output/tables/12c_morph_blme_fixed_effects.csv
Morphology,Tip extension,"GLMM (binomial, blme Cauchy(0,2.5))",fixed: treatment31C:thicketd,Wald z,1e-4,NA,NA,NA,NA,log-odds [residual separation],NA,NA,NA,NA,"fixed: treatment31C:thicketd: residual separation after Cauchy(0,2.5) prior — report omnibus chi-sq only",code/12c_morph_blme.R,output/tables/12c_morph_blme_fixed_effects.csv
Morphology,Wound smoothed,GLMM (binomial),day,Wald chi-sq,23.2161,1,NA,NA,NA,NA,NA,NA,NA,0,day effect on wound_smoothed (significant),code/04_physio_morphology.R,output/tables/04_morphology_trait_anova_genet.csv
Morphology,Wound smoothed,GLMM (binomial),day:thicket,Wald chi-sq,0.1128,2,NA,NA,NA,NA,NA,NA,NA,0.9452,day:thicket effect on wound_smoothed (n.s.),code/04_physio_morphology.R,output/tables/04_morphology_trait_anova_genet.csv
Morphology,Wound smoothed,GLMM (binomial),thicket,Wald chi-sq,1.4373,2,NA,NA,NA,NA,NA,NA,NA,0.4874,thicket effect on wound_smoothed (n.s.),code/04_physio_morphology.R,output/tables/04_morphology_trait_anova_genet.csv
Morphology,Wound smoothed,GLMM (binomial),treatment,Wald chi-sq,0,1,NA,NA,NA,NA,NA,NA,NA,0.9994,treatment effect on wound_smoothed (n.s.),code/04_physio_morphology.R,output/tables/04_morphology_trait_anova_genet.csv
Morphology,Wound smoothed,GLMM (binomial),treatment:day,Wald chi-sq,8e-4,1,NA,NA,NA,NA,NA,NA,NA,0.9781,treatment:day effect on wound_smoothed (n.s.),code/04_physio_morphology.R,output/tables/04_morphology_trait_anova_genet.csv
Morphology,Wound smoothed,GLMM (binomial),treatment:day:thicket,Wald chi-sq,0,2,NA,NA,NA,NA,NA,NA,NA,1,treatment:day:thicket effect on wound_smoothed (n.s.),code/04_physio_morphology.R,output/tables/04_morphology_trait_anova_genet.csv
Morphology,Wound smoothed,GLMM (binomial),treatment:thicket,Wald chi-sq,0,2,NA,NA,NA,NA,NA,NA,NA,1,treatment:thicket effect on wound_smoothed (n.s.),code/04_physio_morphology.R,output/tables/04_morphology_trait_anova_genet.csv
Morphology,Wound smoothed,"GLMM (binomial, blme Cauchy(0,2.5))",fixed: day,Wald z,4.2281,NA,NA,NA,1.4646,log-odds,332.5674,0.7856,2.1435,0,"fixed: day: OR=4.33 (sig, blme penalized)",code/12c_morph_blme.R,output/tables/12c_morph_blme_fixed_effects.csv
Morphology,Wound smoothed,"GLMM (binomial, blme Cauchy(0,2.5))",fixed: day:thicketc,Wald z,0.9445,NA,NA,NA,0.4042,log-odds,49.8171,-0.4346,1.2431,0.3449,"fixed: day:thicketc: OR=1.50 (n.s., blme penalized)",code/12c_morph_blme.R,output/tables/12c_morph_blme_fixed_effects.csv
Morphology,Wound smoothed,"GLMM (binomial, blme Cauchy(0,2.5))",fixed: day:thicketd,Wald z,0.5105,NA,NA,NA,0.1964,log-odds,21.7052,-0.5577,0.9506,0.6097,"fixed: day:thicketd: OR=1.22 (n.s., blme penalized)",code/12c_morph_blme.R,output/tables/12c_morph_blme_fixed_effects.csv
Morphology,Wound smoothed,"GLMM (binomial, blme Cauchy(0,2.5))",fixed: thicketc,Wald z,-1.0598,NA,NA,NA,-1.6709,log-odds,-81.1914,-4.761,1.4193,0.2892,"fixed: thicketc: OR=0.19 (n.s., blme penalized)",code/12c_morph_blme.R,output/tables/12c_morph_blme_fixed_effects.csv
Morphology,Wound smoothed,"GLMM (binomial, blme Cauchy(0,2.5))",fixed: thicketd,Wald z,-1.0772,NA,NA,NA,-1.6755,log-odds,-81.2778,-4.7241,1.3732,0.2814,"fixed: thicketd: OR=0.19 (n.s., blme penalized)",code/12c_morph_blme.R,output/tables/12c_morph_blme_fixed_effects.csv
Morphology,Wound smoothed,"GLMM (binomial, blme Cauchy(0,2.5))",fixed: treatment31C,Wald z,-1.4549,NA,NA,NA,-2.3441,log-odds,-90.4071,-5.5021,0.8138,0.1457,"fixed: treatment31C: OR=0.10 (n.s., blme penalized)",code/12c_morph_blme.R,output/tables/12c_morph_blme_fixed_effects.csv
Morphology,Wound smoothed,"GLMM (binomial, blme Cauchy(0,2.5))",fixed: treatment31C:day,Wald z,1.2635,NA,NA,NA,0.5626,log-odds,75.5302,-0.3102,1.4355,0.2064,"fixed: treatment31C:day: OR=1.76 (n.s., blme penalized)",code/12c_morph_blme.R,output/tables/12c_morph_blme_fixed_effects.csv
Morphology,Wound smoothed,"GLMM (binomial, blme Cauchy(0,2.5))",fixed: treatment31C:day:thicketc,Wald z,1.0202,NA,NA,NA,0.633,log-odds,88.3248,-0.5831,1.8491,0.3076,"fixed: treatment31C:day:thicketc: OR=1.88 (n.s., blme penalized)",code/12c_morph_blme.R,output/tables/12c_morph_blme_fixed_effects.csv
Morphology,Wound smoothed,"GLMM (binomial, blme Cauchy(0,2.5))",fixed: treatment31C:day:thicketd,Wald z,1.3283,NA,NA,NA,0.8258,log-odds,128.3637,-0.3927,2.0443,0.1841,"fixed: treatment31C:day:thicketd: OR=2.28 (n.s., blme penalized)",code/12c_morph_blme.R,output/tables/12c_morph_blme_fixed_effects.csv
Morphology,Wound smoothed,"GLMM (binomial, blme Cauchy(0,2.5))",fixed: treatment31C:thicketc,Wald z,-0.4766,NA,NA,NA,-0.8609,log-odds,-57.7204,-4.401,2.6792,0.6336,"fixed: treatment31C:thicketc: OR=0.42 (n.s., blme penalized)",code/12c_morph_blme.R,output/tables/12c_morph_blme_fixed_effects.csv
Morphology,Wound smoothed,"GLMM (binomial, blme Cauchy(0,2.5))",fixed: treatment31C:thicketd,Wald z,-0.4507,NA,NA,NA,-0.8139,log-odds,-55.6891,-4.3535,2.7256,0.6522,"fixed: treatment31C:thicketd: OR=0.44 (n.s., blme penalized)",code/12c_morph_blme.R,output/tables/12c_morph_blme_fixed_effects.csv
Multivariate,End-of-experiment physiology PCA,PCA,loading[color_end] -> PC1,PCA loading,0.526,NA,NA,NA,0.526,loading,NA,NA,NA,NA,color_end loads 0.53 on PC1,code/15_multivariate.R,output/tables/15_pca_loadings.csv
Multivariate,End-of-experiment physiology PCA,PCA,loading[color_end] -> PC2,PCA loading,-0.273,NA,NA,NA,-0.273,loading,NA,NA,NA,NA,color_end loads -0.27 on PC2,code/15_multivariate.R,output/tables/15_pca_loadings.csv
Multivariate,End-of-experiment physiology PCA,PCA,loading[color_end] -> PC3,PCA loading,0.3,NA,NA,NA,0.3,loading,NA,NA,NA,NA,color_end loads 0.30 on PC3,code/15_multivariate.R,output/tables/15_pca_loadings.csv
Multivariate,End-of-experiment physiology PCA,PCA,loading[color_end] -> PC4,PCA loading,-0.747,NA,NA,NA,-0.747,loading,NA,NA,NA,NA,color_end loads -0.75 on PC4,code/15_multivariate.R,output/tables/15_pca_loadings.csv
Multivariate,End-of-experiment physiology PCA,PCA,loading[growth_areal] -> PC1,PCA loading,0.419,NA,NA,NA,0.419,loading,NA,NA,NA,NA,growth_areal loads 0.42 on PC1,code/15_multivariate.R,output/tables/15_pca_loadings.csv
Multivariate,End-of-experiment physiology PCA,PCA,loading[growth_areal] -> PC2,PCA loading,0.899,NA,NA,NA,0.899,loading,NA,NA,NA,NA,growth_areal loads 0.90 on PC2,code/15_multivariate.R,output/tables/15_pca_loadings.csv
Multivariate,End-of-experiment physiology PCA,PCA,loading[growth_areal] -> PC3,PCA loading,-0.103,NA,NA,NA,-0.103,loading,NA,NA,NA,NA,growth_areal loads -0.10 on PC3,code/15_multivariate.R,output/tables/15_pca_loadings.csv
Multivariate,End-of-experiment physiology PCA,PCA,loading[growth_areal] -> PC4,PCA loading,-0.075,NA,NA,NA,-0.075,loading,NA,NA,NA,NA,growth_areal loads -0.07 on PC4,code/15_multivariate.R,output/tables/15_pca_loadings.csv
Multivariate,End-of-experiment physiology PCA,PCA,loading[pam_end] -> PC1,PCA loading,0.516,NA,NA,NA,0.516,loading,NA,NA,NA,NA,pam_end loads 0.52 on PC1,code/15_multivariate.R,output/tables/15_pca_loadings.csv
Multivariate,End-of-experiment physiology PCA,PCA,loading[pam_end] -> PC2,PCA loading,-0.316,NA,NA,NA,-0.316,loading,NA,NA,NA,NA,pam_end loads -0.32 on PC2,code/15_multivariate.R,output/tables/15_pca_loadings.csv
Multivariate,End-of-experiment physiology PCA,PCA,loading[pam_end] -> PC3,PCA loading,-0.779,NA,NA,NA,-0.779,loading,NA,NA,NA,NA,pam_end loads -0.78 on PC3,code/15_multivariate.R,output/tables/15_pca_loadings.csv
Multivariate,End-of-experiment physiology PCA,PCA,loading[pam_end] -> PC4,PCA loading,0.165,NA,NA,NA,0.165,loading,NA,NA,NA,NA,pam_end loads 0.17 on PC4,code/15_multivariate.R,output/tables/15_pca_loadings.csv
Multivariate,End-of-experiment physiology PCA,PCA,loading[zoox_end] -> PC1,PCA loading,0.531,NA,NA,NA,0.531,loading,NA,NA,NA,NA,zoox_end loads 0.53 on PC1,code/15_multivariate.R,output/tables/15_pca_loadings.csv
Multivariate,End-of-experiment physiology PCA,PCA,loading[zoox_end] -> PC2,PCA loading,-0.132,NA,NA,NA,-0.132,loading,NA,NA,NA,NA,zoox_end loads -0.13 on PC2,code/15_multivariate.R,output/tables/15_pca_loadings.csv
Multivariate,End-of-experiment physiology PCA,PCA,loading[zoox_end] -> PC3,PCA loading,0.541,NA,NA,NA,0.541,loading,NA,NA,NA,NA,zoox_end loads 0.54 on PC3,code/15_multivariate.R,output/tables/15_pca_loadings.csv
Multivariate,End-of-experiment physiology PCA,PCA,loading[zoox_end] -> PC4,PCA loading,0.639,NA,NA,NA,0.639,loading,NA,NA,NA,NA,zoox_end loads 0.64 on PC4,code/15_multivariate.R,output/tables/15_pca_loadings.csv
Multivariate,Per-genet thermal displacement (PCA),PCA,genet=a,Euclidean displacement,3.7242,NA,NA,NA,3.7242,PC units,NA,NA,NA,NA,Genet a shifts 3.72 PC-units under heat,code/15_multivariate.R,output/tables/15_genet_pca_displacement.csv
Multivariate,Per-genet thermal displacement (PCA),PCA,genet=c,Euclidean displacement,1.0601,NA,NA,NA,1.0601,PC units,NA,NA,NA,NA,Genet c shifts 1.06 PC-units under heat,code/15_multivariate.R,output/tables/15_genet_pca_displacement.csv
Multivariate,Per-genet thermal displacement (PCA),PCA,genet=d,Euclidean displacement,3.3393,NA,NA,NA,3.3393,PC units,NA,NA,NA,NA,Genet d shifts 3.34 PC-units under heat,code/15_multivariate.R,output/tables/15_genet_pca_displacement.csv
Physiology,Areal calcification (mg cm-2 d-1),LM,(Intercept),ANOVA F,75.0591,1,NA,NA,NA,NA,NA,NA,NA,0,(Intercept) effect on Areal calcification (mg cm-2 d-1) (significant),code/12_extended_stats.R,output/tables/12_anova_summary.csv
Physiology,Areal calcification (mg cm-2 d-1),LM,Residuals,Wald chi-sq,NA,36,NA,NA,NA,NA,NA,NA,NA,NA,Residuals effect on Areal calcification (mg cm-2 d-1)NA,code/12_extended_stats.R,output/tables/12_anova_summary.csv
Physiology,Areal calcification (mg cm-2 d-1),LM,thicket,ANOVA F,0.3935,2,NA,NA,NA,NA,NA,NA,NA,0.6776,thicket effect on Areal calcification (mg cm-2 d-1) (n.s.),code/12_extended_stats.R,output/tables/12_anova_summary.csv
Physiology,Areal calcification (mg cm-2 d-1),LM,treatment,ANOVA F,5.8246,1,NA,NA,NA,NA,NA,NA,NA,0.021,treatment effect on Areal calcification (mg cm-2 d-1) (significant),code/12_extended_stats.R,output/tables/12_anova_summary.csv
Physiology,Areal calcification (mg cm-2 d-1),LM,treatment:thicket,ANOVA F,0.2413,2,NA,NA,NA,NA,NA,NA,NA,0.7869,treatment:thicket effect on Areal calcification (mg cm-2 d-1) (n.s.),code/12_extended_stats.R,output/tables/12_anova_summary.csv
Physiology,Areal calcification (mg cm-2 d-1),LM,treatment:wound,ANOVA F,0.0308,1,NA,NA,NA,NA,NA,NA,NA,0.8616,treatment:wound effect on Areal calcification (mg cm-2 d-1) (n.s.),code/12_extended_stats.R,output/tables/12_anova_summary.csv
Physiology,Areal calcification (mg cm-2 d-1),LM,treatment:wound:thicket,ANOVA F,0.3142,2,NA,NA,NA,NA,NA,NA,NA,0.7323,treatment:wound:thicket effect on Areal calcification (mg cm-2 d-1) (n.s.),code/12_extended_stats.R,output/tables/12_anova_summary.csv
Physiology,Areal calcification (mg cm-2 d-1),LM,wound,ANOVA F,0.3887,1,NA,NA,NA,NA,NA,NA,NA,0.5369,wound effect on Areal calcification (mg cm-2 d-1) (n.s.),code/12_extended_stats.R,output/tables/12_anova_summary.csv
Physiology,Areal calcification (mg cm-2 d-1),LM,wound:thicket,ANOVA F,0.318,2,NA,NA,NA,NA,NA,NA,NA,0.7296,wound:thicket effect on Areal calcification (mg cm-2 d-1) (n.s.),code/12_extended_stats.R,output/tables/12_anova_summary.csv
Physiology,Areal calcification (mg cm-2 d-1),LMM,R2_conditional,R-squared,0.398,NA,NA,NA,0.398,proportion,NA,NA,NA,NA,R2_conditional = 0.398,code/12_extended_stats.R,output/tables/12_r2_summary.csv
Physiology,Areal calcification (mg cm-2 d-1),LMM,R2_marginal,R-squared,0.398,NA,NA,NA,0.398,proportion,NA,NA,NA,NA,R2_marginal = 0.398,code/12_extended_stats.R,output/tables/12_r2_summary.csv
Physiology,Areal calcification (mg cm-2 d-1),LMM,contrast: 28C - 31C | genet=a | wound=no,Satterthwaite t,2.4134,36,NA,NA,3.5047,,-39.3954,0.6584,6.351,0.021,"Genet a, unwounded: lower under 31C (-39.4%)",code/12_extended_stats.R,output/tables/12_genet_treatment_effects.csv
Physiology,Areal calcification (mg cm-2 d-1),LMM,contrast: 28C - 31C | genet=a | wound=yes,Satterthwaite t,2.6617,36,NA,NA,3.8653,,-48.3709,1.019,6.7116,0.0115,"Genet a, wounded: lower under 31C (-48.4%)",code/12_extended_stats.R,output/tables/12_genet_treatment_effects.csv
Physiology,Areal calcification (mg cm-2 d-1),LMM,contrast: 28C - 31C | genet=c | wound=no,Satterthwaite t,1.6203,36,NA,NA,2.2322,,-28.9185,-0.468,4.9324,0.1139,"Genet c, unwounded: no change under 31C (-28.9%)",code/12_extended_stats.R,output/tables/12_genet_treatment_effects.csv
Physiology,Areal calcification (mg cm-2 d-1),LMM,contrast: 28C - 31C | genet=c | wound=yes,Satterthwaite t,0.3941,36,NA,NA,0.6182,,-10.7437,-2.4562,3.6925,0.6958,"Genet c, wounded: no change under 31C (-10.7%)",code/12_extended_stats.R,output/tables/12_genet_treatment_effects.csv
Physiology,Areal calcification (mg cm-2 d-1),LMM,contrast: 28C - 31C | genet=d | wound=no,Satterthwaite t,2.292,36,NA,NA,3.3285,,-42.3747,0.4822,6.1747,0.0279,"Genet d, unwounded: lower under 31C (-42.4%)",code/12_extended_stats.R,output/tables/12_genet_treatment_effects.csv
Physiology,Areal calcification (mg cm-2 d-1),LMM,contrast: 28C - 31C | genet=d | wound=yes,Satterthwaite t,2.5958,36,NA,NA,3.7696,,-50.2536,0.9233,6.6159,0.0136,"Genet d, wounded: lower under 31C (-50.3%)",code/12_extended_stats.R,output/tables/12_genet_treatment_effects.csv
Physiology,Areal calcification (mg cm-2 d-1),LRT (null vs genet x trt),LRT: adding genet x treatment x wound x day,LRT chi-sq,3.6962,6,NA,48,7.3086,delta AIC,NA,NA,NA,0.716,Adding genet x trt improves fit by dAIC=7.3 (n.s.),code/13_genet_interaction.R,output/tables/13_genet_anova.csv
Physiology,Buoyant weight growth (%),LM,(Intercept),ANOVA F,78.3734,1,NA,NA,NA,NA,NA,NA,NA,0,(Intercept) effect on Buoyant weight growth (%) (significant),code/12_extended_stats.R,output/tables/12_anova_summary.csv
Physiology,Buoyant weight growth (%),LM,Residuals,Wald chi-sq,NA,36,NA,NA,NA,NA,NA,NA,NA,NA,Residuals effect on Buoyant weight growth (%)NA,code/12_extended_stats.R,output/tables/12_anova_summary.csv
Physiology,Buoyant weight growth (%),LM,fixed: thicketc,t,-0.8672,NA,NA,NA,-0.6138,%,NA,-2.0421,0.8146,0.3908,fixed: thicketc: est=-0.61% (n.s.),code/05_buoyant_weight.R,output/tables/05_buoyant_weight_lm.csv
Physiology,Buoyant weight growth (%),LM,fixed: thicketd,t,-0.9883,NA,NA,NA,-0.6976,%,NA,-2.1222,0.7269,0.3287,fixed: thicketd: est=-0.70% (n.s.),code/05_buoyant_weight.R,output/tables/05_buoyant_weight_lm.csv
Physiology,Buoyant weight growth (%),LM,fixed: treatment31C,t,-3.7269,NA,NA,NA,-2.9811,%,NA,-4.5954,-1.3669,6e-4,fixed: treatment31C: est=-2.98% (sig),code/05_buoyant_weight.R,output/tables/05_buoyant_weight_lm.csv
Physiology,Buoyant weight growth (%),LM,fixed: treatment31C:woundyes,t,0.1218,NA,NA,NA,0.1409,%,NA,-2.1936,2.4754,0.9036,fixed: treatment31C:woundyes: est=0.14% (n.s.),code/05_buoyant_weight.R,output/tables/05_buoyant_weight_lm.csv
Physiology,Buoyant weight growth (%),LM,fixed: woundyes,t,-1.3185,NA,NA,NA,-1.0747,%,NA,-2.7197,0.5702,0.1945,fixed: woundyes: est=-1.07% (n.s.),code/05_buoyant_weight.R,output/tables/05_buoyant_weight_lm.csv
Physiology,Buoyant weight growth (%),LM,thicket,ANOVA F,0.2449,2,NA,NA,NA,NA,NA,NA,NA,0.7841,thicket effect on Buoyant weight growth (%) (n.s.),code/12_extended_stats.R,output/tables/12_anova_summary.csv
Physiology,Buoyant weight growth (%),LM,treatment,ANOVA F,4.3527,1,NA,NA,NA,NA,NA,NA,NA,0.0441,treatment effect on Buoyant weight growth (%) (significant),code/12_extended_stats.R,output/tables/12_anova_summary.csv
Physiology,Buoyant weight growth (%),LM,treatment:thicket,ANOVA F,0.1456,2,NA,NA,NA,NA,NA,NA,NA,0.865,treatment:thicket effect on Buoyant weight growth (%) (n.s.),code/12_extended_stats.R,output/tables/12_anova_summary.csv
Physiology,Buoyant weight growth (%),LM,treatment:wound,ANOVA F,0.2608,1,NA,NA,NA,NA,NA,NA,NA,0.6127,treatment:wound effect on Buoyant weight growth (%) (n.s.),code/12_extended_stats.R,output/tables/12_anova_summary.csv
Physiology,Buoyant weight growth (%),LM,treatment:wound:thicket,ANOVA F,0.7769,2,NA,NA,NA,NA,NA,NA,NA,0.4674,treatment:wound:thicket effect on Buoyant weight growth (%) (n.s.),code/12_extended_stats.R,output/tables/12_anova_summary.csv
Physiology,Buoyant weight growth (%),LM,wound,ANOVA F,0.0013,1,NA,NA,NA,NA,NA,NA,NA,0.9717,wound effect on Buoyant weight growth (%) (n.s.),code/12_extended_stats.R,output/tables/12_anova_summary.csv
Physiology,Buoyant weight growth (%),LM,wound:thicket,ANOVA F,0.5764,2,NA,NA,NA,NA,NA,NA,NA,0.567,wound:thicket effect on Buoyant weight growth (%) (n.s.),code/12_extended_stats.R,output/tables/12_anova_summary.csv
Physiology,Buoyant weight growth (%),LMM,R2_conditional,R-squared,0.386,NA,NA,NA,0.386,proportion,NA,NA,NA,NA,R2_conditional = 0.386,code/12_extended_stats.R,output/tables/12_r2_summary.csv
Physiology,Buoyant weight growth (%),LMM,R2_marginal,R-squared,0.386,NA,NA,NA,0.386,proportion,NA,NA,NA,NA,R2_marginal = 0.386,code/12_extended_stats.R,output/tables/12_r2_summary.csv
Physiology,Buoyant weight growth (%),derived,percent reduction 31C vs 28C,ratio,-33.9241,NA,NA,NA,-33.9241,%,-33.9241,NA,NA,NA,31C corals grew 34% less mass than 28C corals,code/05_buoyant_weight.R (raw),data/processed/buoyant_weight_clean.rds
Physiology,Buoyant weight growth (%),raw summary,mean(28C),mean +/- SD,6.1043,NA,NA,24,6.1043,%,NA,4.4147,7.7938,NA,"28C mean growth = 6.10% (SD 1.69, n=24)",code/05_buoyant_weight.R (raw),data/processed/buoyant_weight_clean.rds
Physiology,Buoyant weight growth (%),raw summary,mean(31C),mean +/- SD,4.0334,NA,NA,24,4.0334,%,NA,2.8862,5.1807,NA,"31C mean growth = 4.03% (SD 1.15, n=24)",code/05_buoyant_weight.R (raw),data/processed/buoyant_weight_clean.rds
Physiology,Color (Siebeck D),LMM,R2_conditional,R-squared,0.846,NA,NA,NA,0.846,proportion,NA,NA,NA,NA,R2_conditional = 0.846,code/12_extended_stats.R,output/tables/12_r2_summary.csv
Physiology,Color (Siebeck D),LMM,R2_marginal,R-squared,0.717,NA,NA,NA,0.717,proportion,NA,NA,NA,NA,R2_marginal = 0.717,code/12_extended_stats.R,output/tables/12_r2_summary.csv
Physiology,Color (Siebeck D),LMM,contrast: 28C - 31C | genet=a | wound=no,Satterthwaite t,9.0491,31.47756,NA,NA,1.7114,,-42.785,1.3407,2.0821,0,"Genet a, unwounded: lower under 31C (-42.8%)",code/12_extended_stats.R,output/tables/12_genet_treatment_effects.csv
Physiology,Color (Siebeck D),LMM,contrast: 28C - 31C | genet=a | wound=yes,Satterthwaite t,9.2357,32.90269,NA,NA,1.7531,,-43.8278,1.3811,2.1252,0,"Genet a, wounded: lower under 31C (-43.8%)",code/12_extended_stats.R,output/tables/12_genet_treatment_effects.csv
Physiology,Color (Siebeck D),LMM,contrast: 28C - 31C | genet=c | wound=no,Satterthwaite t,2.4922,31.47756,NA,NA,0.4713,,-11.7832,0.1007,0.842,0.0182,"Genet c, unwounded: lower under 31C (-11.8%)",code/12_extended_stats.R,output/tables/12_genet_treatment_effects.csv
Physiology,Color (Siebeck D),LMM,contrast: 28C - 31C | genet=c | wound=yes,Satterthwaite t,0.589,32.90269,NA,NA,0.1118,,-2.795,-0.2602,0.4838,0.5599,"Genet c, wounded: no change under 31C (-2.8%)",code/12_extended_stats.R,output/tables/12_genet_treatment_effects.csv
Physiology,Color (Siebeck D),LMM,contrast: 28C - 31C | genet=d | wound=no,Satterthwaite t,6.8025,31.47756,NA,NA,1.2865,,-35.4902,0.9158,1.6572,0,"Genet d, unwounded: lower under 31C (-35.5%)",code/12_extended_stats.R,output/tables/12_genet_treatment_effects.csv
Physiology,Color (Siebeck D),LMM,contrast: 28C - 31C | genet=d | wound=yes,Satterthwaite t,8.3304,32.90269,NA,NA,1.5813,,-39.5315,1.2092,1.9533,0,"Genet d, wounded: lower under 31C (-39.5%)",code/12_extended_stats.R,output/tables/12_genet_treatment_effects.csv
Physiology,Color (Siebeck D),LMM,day,ANOVA F,361.3994,1,NA,NA,NA,NA,NA,NA,NA,NA,day effect on Color (Siebeck D)NA,code/12_extended_stats.R,output/tables/12_anova_summary.csv
Physiology,Color (Siebeck D),LMM,day:thicket,ANOVA F,43.2416,2,NA,NA,NA,NA,NA,NA,NA,NA,day:thicket effect on Color (Siebeck D)NA,code/12_extended_stats.R,output/tables/12_anova_summary.csv
Physiology,Color (Siebeck D),LMM,thicket,ANOVA F,20.6971,2,NA,NA,NA,NA,NA,NA,NA,NA,thicket effect on Color (Siebeck D)NA,code/12_extended_stats.R,output/tables/12_anova_summary.csv
Physiology,Color (Siebeck D),LMM,treatment,ANOVA F,19.1098,1,NA,NA,NA,NA,NA,NA,NA,NA,treatment effect on Color (Siebeck D)NA,code/12_extended_stats.R,output/tables/12_anova_summary.csv
Physiology,Color (Siebeck D),LMM,treatment:day,ANOVA F,258.9627,1,NA,NA,NA,NA,NA,NA,NA,NA,treatment:day effect on Color (Siebeck D)NA,code/12_extended_stats.R,output/tables/12_anova_summary.csv
Physiology,Color (Siebeck D),LMM,treatment:day:thicket,ANOVA F,29.799,2,NA,NA,NA,NA,NA,NA,NA,NA,treatment:day:thicket effect on Color (Siebeck D)NA,code/12_extended_stats.R,output/tables/12_anova_summary.csv
Physiology,Color (Siebeck D),LMM,treatment:thicket,ANOVA F,16.954,2,NA,NA,NA,NA,NA,NA,NA,NA,treatment:thicket effect on Color (Siebeck D)NA,code/12_extended_stats.R,output/tables/12_anova_summary.csv
Physiology,Color (Siebeck D),LMM,treatment:wound,ANOVA F,21.5828,1,NA,NA,NA,NA,NA,NA,NA,NA,treatment:wound effect on Color (Siebeck D)NA,code/12_extended_stats.R,output/tables/12_anova_summary.csv
Physiology,Color (Siebeck D),LMM,treatment:wound:day,ANOVA F,1.4309,1,NA,NA,NA,NA,NA,NA,NA,NA,treatment:wound:day effect on Color (Siebeck D)NA,code/12_extended_stats.R,output/tables/12_anova_summary.csv
Physiology,Color (Siebeck D),LMM,treatment:wound:day:thicket,ANOVA F,2.5928,2,NA,NA,NA,NA,NA,NA,NA,NA,treatment:wound:day:thicket effect on Color (Siebeck D)NA,code/12_extended_stats.R,output/tables/12_anova_summary.csv
Physiology,Color (Siebeck D),LMM,treatment:wound:thicket,ANOVA F,6.3137,2,NA,NA,NA,NA,NA,NA,NA,NA,treatment:wound:thicket effect on Color (Siebeck D)NA,code/12_extended_stats.R,output/tables/12_anova_summary.csv
Physiology,Color (Siebeck D),LMM,wound,ANOVA F,15.3845,1,NA,NA,NA,NA,NA,NA,NA,NA,wound effect on Color (Siebeck D)NA,code/12_extended_stats.R,output/tables/12_anova_summary.csv
Physiology,Color (Siebeck D),LMM,wound:day,ANOVA F,0.1731,1,NA,NA,NA,NA,NA,NA,NA,NA,wound:day effect on Color (Siebeck D)NA,code/12_extended_stats.R,output/tables/12_anova_summary.csv
Physiology,Color (Siebeck D),LMM,wound:day:thicket,ANOVA F,0.3956,2,NA,NA,NA,NA,NA,NA,NA,NA,wound:day:thicket effect on Color (Siebeck D)NA,code/12_extended_stats.R,output/tables/12_anova_summary.csv
Physiology,Color (Siebeck D),LMM,wound:thicket,ANOVA F,4.0207,2,NA,NA,NA,NA,NA,NA,NA,NA,wound:thicket effect on Color (Siebeck D)NA,code/12_extended_stats.R,output/tables/12_anova_summary.csv
Physiology,Color (Siebeck D),LRT (null vs genet x trt),LRT: adding genet x treatment x wound x day,LRT chi-sq,177.7195,15,NA,336,-147.7195,delta AIC,NA,NA,NA,0,Adding genet x trt improves fit by dAIC=-147.7 (sig),code/13_genet_interaction.R,output/tables/13_genet_anova.csv
Physiology,Color (Siebeck D) — ordinal robustness,CLMM (cumulative-link mixed),day:thicket,LRT chi-sq,0.2007,2,NA,NA,NA,NA,NA,NA,NA,0.9045,day:thicket (ordinal CLMM): n.s.,code/12b_color_clmm_robustness.R,output/tables/12b_color_clmm.csv
Physiology,Color (Siebeck D) — ordinal robustness,CLMM (cumulative-link mixed),treatment:wound:day,LRT chi-sq,0.0021,1,NA,NA,NA,NA,NA,NA,NA,0.9631,treatment:wound:day (ordinal CLMM): n.s.,code/12b_color_clmm_robustness.R,output/tables/12b_color_clmm.csv
Physiology,Color (Siebeck D) — ordinal robustness,CLMM (cumulative-link mixed),treatment:wound:thicket,LRT chi-sq,0.4688,2,NA,NA,NA,NA,NA,NA,NA,0.7911,treatment:wound:thicket (ordinal CLMM): n.s.,code/12b_color_clmm_robustness.R,output/tables/12b_color_clmm.csv
Physiology,PAM Fv/Fm,LMM,R2_conditional,R-squared,0.719,NA,NA,NA,0.719,proportion,NA,NA,NA,NA,R2_conditional = 0.719,code/12_extended_stats.R,output/tables/12_r2_summary.csv
Physiology,PAM Fv/Fm,LMM,R2_marginal,R-squared,0.622,NA,NA,NA,0.622,proportion,NA,NA,NA,NA,R2_marginal = 0.622,code/12_extended_stats.R,output/tables/12_r2_summary.csv
Physiology,PAM Fv/Fm,LMM,contrast: 28C - 31C | genet=a | wound=no,Satterthwaite t,7.7895,33.65149,NA,NA,0.1263,,-18.88,0.0945,0.158,0,"Genet a, unwounded: lower under 31C (-18.9%)",code/12_extended_stats.R,output/tables/12_genet_treatment_effects.csv
Physiology,PAM Fv/Fm,LMM,contrast: 28C - 31C | genet=a | wound=yes,Satterthwaite t,6.2003,33.65149,NA,NA,0.1005,,-15.4082,0.0687,0.1323,0,"Genet a, wounded: lower under 31C (-15.4%)",code/12_extended_stats.R,output/tables/12_genet_treatment_effects.csv
Physiology,PAM Fv/Fm,LMM,contrast: 28C - 31C | genet=c | wound=no,Satterthwaite t,2.9024,30.03726,NA,NA,0.0456,,-6.6811,0.0148,0.0764,0.0069,"Genet c, unwounded: lower under 31C (-6.7%)",code/12_extended_stats.R,output/tables/12_genet_treatment_effects.csv
Physiology,PAM Fv/Fm,LMM,contrast: 28C - 31C | genet=c | wound=yes,Satterthwaite t,0.96,40.22538,NA,NA,0.0164,,-2.4147,-0.0171,0.0499,0.3428,"Genet c, wounded: no change under 31C (-2.4%)",code/12_extended_stats.R,output/tables/12_genet_treatment_effects.csv
Physiology,PAM Fv/Fm,LMM,contrast: 28C - 31C | genet=d | wound=no,Satterthwaite t,6.5767,33.65149,NA,NA,0.1066,,-15.9432,0.0748,0.1384,0,"Genet d, unwounded: lower under 31C (-15.9%)",code/12_extended_stats.R,output/tables/12_genet_treatment_effects.csv
Physiology,PAM Fv/Fm,LMM,contrast: 28C - 31C | genet=d | wound=yes,Satterthwaite t,6.5209,33.65149,NA,NA,0.1057,,-15.8739,0.0739,0.1375,0,"Genet d, wounded: lower under 31C (-15.9%)",code/12_extended_stats.R,output/tables/12_genet_treatment_effects.csv
Physiology,PAM Fv/Fm,LMM,day,ANOVA F,163.6762,1,NA,NA,NA,NA,NA,NA,NA,NA,day effect on PAM Fv/FmNA,code/12_extended_stats.R,output/tables/12_anova_summary.csv
Physiology,PAM Fv/Fm,LMM,day:thicket,ANOVA F,13.0824,2,NA,NA,NA,NA,NA,NA,NA,NA,day:thicket effect on PAM Fv/FmNA,code/12_extended_stats.R,output/tables/12_anova_summary.csv
Physiology,PAM Fv/Fm,LMM,thicket,ANOVA F,54.4388,2,NA,NA,NA,NA,NA,NA,NA,NA,thicket effect on PAM Fv/FmNA,code/12_extended_stats.R,output/tables/12_anova_summary.csv
Physiology,PAM Fv/Fm,LMM,treatment,ANOVA F,15.8271,1,NA,NA,NA,NA,NA,NA,NA,NA,treatment effect on PAM Fv/FmNA,code/12_extended_stats.R,output/tables/12_anova_summary.csv
Physiology,PAM Fv/Fm,LMM,treatment:day,ANOVA F,112.6774,1,NA,NA,NA,NA,NA,NA,NA,NA,treatment:day effect on PAM Fv/FmNA,code/12_extended_stats.R,output/tables/12_anova_summary.csv
Physiology,PAM Fv/Fm,LMM,treatment:day:thicket,ANOVA F,14.6644,2,NA,NA,NA,NA,NA,NA,NA,NA,treatment:day:thicket effect on PAM Fv/FmNA,code/12_extended_stats.R,output/tables/12_anova_summary.csv
Physiology,PAM Fv/Fm,LMM,treatment:thicket,ANOVA F,9.6558,2,NA,NA,NA,NA,NA,NA,NA,NA,treatment:thicket effect on PAM Fv/FmNA,code/12_extended_stats.R,output/tables/12_anova_summary.csv
Physiology,PAM Fv/Fm,LMM,treatment:wound,ANOVA F,3.8991,1,NA,NA,NA,NA,NA,NA,NA,NA,treatment:wound effect on PAM Fv/FmNA,code/12_extended_stats.R,output/tables/12_anova_summary.csv
Physiology,PAM Fv/Fm,LMM,treatment:wound:day,ANOVA F,0.0122,1,NA,NA,NA,NA,NA,NA,NA,NA,treatment:wound:day effect on PAM Fv/FmNA,code/12_extended_stats.R,output/tables/12_anova_summary.csv
Physiology,PAM Fv/Fm,LMM,treatment:wound:day:thicket,ANOVA F,2.3938,2,NA,NA,NA,NA,NA,NA,NA,NA,treatment:wound:day:thicket effect on PAM Fv/FmNA,code/12_extended_stats.R,output/tables/12_anova_summary.csv
Physiology,PAM Fv/Fm,LMM,treatment:wound:thicket,ANOVA F,0.3866,2,NA,NA,NA,NA,NA,NA,NA,NA,treatment:wound:thicket effect on PAM Fv/FmNA,code/12_extended_stats.R,output/tables/12_anova_summary.csv
Physiology,PAM Fv/Fm,LMM,wound,ANOVA F,0.0918,1,NA,NA,NA,NA,NA,NA,NA,NA,wound effect on PAM Fv/FmNA,code/12_extended_stats.R,output/tables/12_anova_summary.csv
Physiology,PAM Fv/Fm,LMM,wound:day,ANOVA F,0.5727,1,NA,NA,NA,NA,NA,NA,NA,NA,wound:day effect on PAM Fv/FmNA,code/12_extended_stats.R,output/tables/12_anova_summary.csv
Physiology,PAM Fv/Fm,LMM,wound:day:thicket,ANOVA F,0.8116,2,NA,NA,NA,NA,NA,NA,NA,NA,wound:day:thicket effect on PAM Fv/FmNA,code/12_extended_stats.R,output/tables/12_anova_summary.csv
Physiology,PAM Fv/Fm,LMM,wound:thicket,ANOVA F,0.2014,2,NA,NA,NA,NA,NA,NA,NA,NA,wound:thicket effect on PAM Fv/FmNA,code/12_extended_stats.R,output/tables/12_anova_summary.csv
Physiology,PAM Fv/Fm,LRT (null vs genet x trt),LRT: adding genet x treatment x wound x day,LRT chi-sq,90.4949,15,NA,336,-60.4949,delta AIC,NA,NA,NA,0,Adding genet x trt improves fit by dAIC=-60.5 (sig),code/13_genet_interaction.R,output/tables/13_genet_anova.csv
Physiology,Symbiont density (cells cm-2),raw summary,"mean(28C, day 1)",mean,1165429.2199,NA,NA,24,1165429.2199,cells cm-2,NA,NA,NA,NA,"28C, biopsy day 1: 1.17e+06 cells cm-2 (n=24)",code/06_symbiont_chl.R (raw),data/processed/symbiont_chl_clean.rds
Physiology,Symbiont density (cells cm-2),raw summary,"mean(28C, day 15)",mean,967415.2113,NA,NA,24,967415.2113,cells cm-2,NA,NA,NA,NA,"28C, biopsy day 15: 9.67e+05 cells cm-2 (n=24)",code/06_symbiont_chl.R (raw),data/processed/symbiont_chl_clean.rds
Physiology,Symbiont density (cells cm-2),raw summary,"mean(31C, day 1)",mean,750659.8688,NA,NA,24,750659.8688,cells cm-2,NA,NA,NA,NA,"31C, biopsy day 1: 7.51e+05 cells cm-2 (n=24)",code/06_symbiont_chl.R (raw),data/processed/symbiont_chl_clean.rds
Physiology,Symbiont density (cells cm-2),raw summary,"mean(31C, day 15)",mean,208909.4796,NA,NA,24,208909.4796,cells cm-2,NA,NA,NA,NA,"31C, biopsy day 15: 2.09e+05 cells cm-2 (n=24)",code/06_symbiont_chl.R (raw),data/processed/symbiont_chl_clean.rds
Physiology,log10 symbionts cm-2,LMM,R2_conditional,R-squared,0.758,NA,NA,NA,0.758,proportion,NA,NA,NA,NA,R2_conditional = 0.758,code/12_extended_stats.R,output/tables/12_r2_summary.csv
Physiology,log10 symbionts cm-2,LMM,R2_marginal,R-squared,0.719,NA,NA,NA,0.719,proportion,NA,NA,NA,NA,R2_marginal = 0.719,code/12_extended_stats.R,output/tables/12_r2_summary.csv
Physiology,log10 symbionts cm-2,LMM,biopsy_day_c,ANOVA F,123.6945,1,NA,NA,NA,NA,NA,NA,NA,NA,biopsy_day_c effect on log10 symbionts cm-2NA,code/12_extended_stats.R,output/tables/12_anova_summary.csv
Physiology,log10 symbionts cm-2,LMM,biopsy_day_c:thicket,ANOVA F,8.7394,2,NA,NA,NA,NA,NA,NA,NA,NA,biopsy_day_c:thicket effect on log10 symbionts cm-2NA,code/12_extended_stats.R,output/tables/12_anova_summary.csv
Physiology,log10 symbionts cm-2,LMM,contrast: 28C - 31C | genet=a | wound=no,Satterthwaite t,8.7096,81.21932,NA,NA,2.636,,-43.8009,2.0428,3.2293,0,"Genet a, unwounded: lower under 31C (-43.8%)",code/12_extended_stats.R,output/tables/12_genet_treatment_effects.csv
Physiology,log10 symbionts cm-2,LMM,contrast: 28C - 31C | genet=a | wound=yes,Satterthwaite t,7.6295,81.21932,NA,NA,2.3091,,-38.6126,1.7159,2.9024,0,"Genet a, wounded: lower under 31C (-38.6%)",code/12_extended_stats.R,output/tables/12_genet_treatment_effects.csv
Physiology,log10 symbionts cm-2,LMM,contrast: 28C - 31C | genet=c | wound=no,Satterthwaite t,3.4908,74.76584,NA,NA,1.0234,,-17.0384,0.4488,1.598,8e-4,"Genet c, unwounded: lower under 31C (-17.0%)",code/12_extended_stats.R,output/tables/12_genet_treatment_effects.csv
Physiology,log10 symbionts cm-2,LMM,contrast: 28C - 31C | genet=c | wound=yes,Satterthwaite t,2.5198,89.95619,NA,NA,0.798,,-13.3078,0.1773,1.4188,0.0135,"Genet c, wounded: lower under 31C (-13.3%)",code/12_extended_stats.R,output/tables/12_genet_treatment_effects.csv
Physiology,log10 symbionts cm-2,LMM,contrast: 28C - 31C | genet=d | wound=no,Satterthwaite t,8.4506,81.21932,NA,NA,2.5577,,-43.0684,1.9644,3.1509,0,"Genet d, unwounded: lower under 31C (-43.1%)",code/12_extended_stats.R,output/tables/12_genet_treatment_effects.csv
Physiology,log10 symbionts cm-2,LMM,contrast: 28C - 31C | genet=d | wound=yes,Satterthwaite t,6.6242,81.21932,NA,NA,2.0049,,-33.5896,1.4117,2.5981,0,"Genet d, wounded: lower under 31C (-33.6%)",code/12_extended_stats.R,output/tables/12_genet_treatment_effects.csv
Physiology,log10 symbionts cm-2,LMM,thicket,ANOVA F,20.683,2,NA,NA,NA,NA,NA,NA,NA,NA,thicket effect on log10 symbionts cm-2NA,code/12_extended_stats.R,output/tables/12_anova_summary.csv
Physiology,log10 symbionts cm-2,LMM,treatment,ANOVA F,48.8309,1,NA,NA,NA,NA,NA,NA,NA,NA,treatment effect on log10 symbionts cm-2NA,code/12_extended_stats.R,output/tables/12_anova_summary.csv
Physiology,log10 symbionts cm-2,LMM,treatment:biopsy_day_c,ANOVA F,94.672,1,NA,NA,NA,NA,NA,NA,NA,NA,treatment:biopsy_day_c effect on log10 symbionts cm-2NA,code/12_extended_stats.R,output/tables/12_anova_summary.csv
Physiology,log10 symbionts cm-2,LMM,treatment:biopsy_day_c:thicket,ANOVA F,6.3183,2,NA,NA,NA,NA,NA,NA,NA,NA,treatment:biopsy_day_c:thicket effect on log10 symbionts cm-2NA,code/12_extended_stats.R,output/tables/12_anova_summary.csv
Physiology,log10 symbionts cm-2,LMM,treatment:thicket,ANOVA F,16.1576,2,NA,NA,NA,NA,NA,NA,NA,NA,treatment:thicket effect on log10 symbionts cm-2NA,code/12_extended_stats.R,output/tables/12_anova_summary.csv
Physiology,log10 symbionts cm-2,LMM,treatment:wound,ANOVA F,0.4414,1,NA,NA,NA,NA,NA,NA,NA,NA,treatment:wound effect on log10 symbionts cm-2NA,code/12_extended_stats.R,output/tables/12_anova_summary.csv
Physiology,log10 symbionts cm-2,LMM,treatment:wound:biopsy_day_c,ANOVA F,1.8858,1,NA,NA,NA,NA,NA,NA,NA,NA,treatment:wound:biopsy_day_c effect on log10 symbionts cm-2NA,code/12_extended_stats.R,output/tables/12_anova_summary.csv
Physiology,log10 symbionts cm-2,LMM,treatment:wound:biopsy_day_c:thicket,ANOVA F,0.21,2,NA,NA,NA,NA,NA,NA,NA,NA,treatment:wound:biopsy_day_c:thicket effect on log10 symbionts cm-2NA,code/12_extended_stats.R,output/tables/12_anova_summary.csv
Physiology,log10 symbionts cm-2,LMM,treatment:wound:thicket,ANOVA F,0.5136,2,NA,NA,NA,NA,NA,NA,NA,NA,treatment:wound:thicket effect on log10 symbionts cm-2NA,code/12_extended_stats.R,output/tables/12_anova_summary.csv
Physiology,log10 symbionts cm-2,LMM,wound,ANOVA F,0.6339,1,NA,NA,NA,NA,NA,NA,NA,NA,wound effect on log10 symbionts cm-2NA,code/12_extended_stats.R,output/tables/12_anova_summary.csv
Physiology,log10 symbionts cm-2,LMM,wound:biopsy_day_c,ANOVA F,0.1504,1,NA,NA,NA,NA,NA,NA,NA,NA,wound:biopsy_day_c effect on log10 symbionts cm-2NA,code/12_extended_stats.R,output/tables/12_anova_summary.csv
Physiology,log10 symbionts cm-2,LMM,wound:biopsy_day_c:thicket,ANOVA F,0.1356,2,NA,NA,NA,NA,NA,NA,NA,NA,wound:biopsy_day_c:thicket effect on log10 symbionts cm-2NA,code/12_extended_stats.R,output/tables/12_anova_summary.csv
Physiology,log10 symbionts cm-2,LMM,wound:thicket,ANOVA F,1.5202,2,NA,NA,NA,NA,NA,NA,NA,NA,wound:thicket effect on log10 symbionts cm-2NA,code/12_extended_stats.R,output/tables/12_anova_summary.csv
Physiology,log_zoox,LRT (null vs genet x trt),LRT: adding genet x treatment x wound x day,LRT chi-sq,73.5696,15,NA,192,-43.5696,delta AIC,NA,NA,NA,0,Adding genet x trt improves fit by dAIC=-43.6 (sig),code/13_genet_interaction.R,output/tables/13_genet_anova.csv
Survival,Hole in center,Cox PH,HR 31C/28C [genet=a],Wald z,0.5105,1,NA,8,1.4397,hazard ratio,43.9708,0.3553,5.8344,0.6097,"hole_in_center: no detectable change under 31C (HR=1.44, n.s.)",code/14_morphology_kaplan.R,output/tables/14_cox_hazard_ratios.csv
Survival,Hole in center,Cox PH,HR 31C/28C [genet=c],Wald z,0.2671,1,NA,8,1.2094,hazard ratio,20.9432,0.2997,4.8805,0.7894,"hole_in_center: no detectable change under 31C (HR=1.21, n.s.)",code/14_morphology_kaplan.R,output/tables/14_cox_hazard_ratios.csv
Survival,Hole in center,Cox PH,HR 31C/28C [genet=d],Wald z,0.547,1,NA,8,1.5232,hazard ratio,52.3217,0.3372,6.8814,0.5844,"hole_in_center: no detectable change under 31C (HR=1.52, n.s.)",code/14_morphology_kaplan.R,output/tables/14_cox_hazard_ratios.csv
Survival,Hole in center,Cox PH,HR 31C/28C [overall (strata=thicket)],Wald z,0.7608,1,NA,24,1.3778,hazard ratio,37.7777,0.6034,3.1459,0.4468,"hole_in_center: no detectable change under 31C (HR=1.38, n.s.)",code/14_morphology_kaplan.R,output/tables/14_cox_hazard_ratios.csv
Survival,Hole in center,Cox PH,LRT: genet main effect,LRT chi-sq,1.1333,2,NA,NA,NA,NA,NA,NA,NA,0.5674,Genet main effect on hole_in_center healing: n.s.,code/14_morphology_kaplan.R,output/tables/14_cox_genet_LRT.csv
Survival,Hole in center,Cox PH,LRT: genet x treatment,LRT chi-sq,0.0216,2,NA,NA,NA,NA,NA,NA,NA,0.9893,Genet x treatment on hole_in_center healing: n.s.,code/14_morphology_kaplan.R,output/tables/14_cox_genet_LRT.csv
Survival,New corallites on tip,Cox PH,HR 31C/28C [genet=a],Wald z,-0.001,1,NA,8,0,hazard ratio,-100,0,Inf,0.9992,"new_corallites_on_tip: no detectable change under 31C (HR=0.00, n.s.)",code/14_morphology_kaplan.R,output/tables/14_cox_hazard_ratios.csv
Survival,New corallites on tip,Cox PH,HR 31C/28C [genet=c],Wald z,-0.5886,1,NA,8,0.6375,hazard ratio,-36.2531,0.1423,2.8548,0.5561,"new_corallites_on_tip: no detectable change under 31C (HR=0.64, n.s.)",code/14_morphology_kaplan.R,output/tables/14_cox_hazard_ratios.csv
Survival,New corallites on tip,Cox PH,HR 31C/28C [genet=d],Wald z,-1.7508,1,NA,8,0.1352,hazard ratio,-86.4837,0.0144,1.2701,0.08,"new_corallites_on_tip: no detectable change under 31C (HR=0.14, n.s.)",code/14_morphology_kaplan.R,output/tables/14_cox_hazard_ratios.csv
Survival,New corallites on tip,Cox PH,HR 31C/28C [overall (strata=thicket)],Wald z,-2.5922,1,NA,24,0.2166,hazard ratio,-78.3444,0.0681,0.6886,0.0095,"new_corallites_on_tip: delayed onset under 31C (HR=0.22, sig)",code/14_morphology_kaplan.R,output/tables/14_cox_hazard_ratios.csv
Survival,New corallites on tip,Cox PH,LRT: genet main effect,LRT chi-sq,1.3783,2,NA,NA,NA,NA,NA,NA,NA,0.502,Genet main effect on new_corallites_on_tip healing: n.s.,code/14_morphology_kaplan.R,output/tables/14_cox_genet_LRT.csv
Survival,New corallites on tip,Cox PH,LRT: genet x treatment,LRT chi-sq,11.3023,2,NA,NA,NA,NA,NA,NA,NA,0.0035,Genet x treatment on new_corallites_on_tip healing: sig,code/14_morphology_kaplan.R,output/tables/14_cox_genet_LRT.csv
Survival,Pigment over wound,Cox PH,HR 31C/28C [genet=c],Wald z,1.4857,1,NA,8,5.4635,hazard ratio,446.355,0.5816,51.3271,0.1374,"pigment_over_wound: no detectable change under 31C (HR=5.46, n.s.)",code/14_morphology_kaplan.R,output/tables/14_cox_hazard_ratios.csv
Survival,Pigment over wound,Cox PH,HR 31C/28C [genet=d],Wald z,-9e-4,1,NA,8,0,hazard ratio,-100,0,Inf,0.9993,"pigment_over_wound: no detectable change under 31C (HR=0.00, n.s.)",code/14_morphology_kaplan.R,output/tables/14_cox_hazard_ratios.csv
Survival,Pigment over wound,Cox PH,HR 31C/28C [overall (strata=thicket)],Wald z,0.7143,1,NA,24,1.6038,hazard ratio,60.3814,0.4387,5.8628,0.4751,"pigment_over_wound: no detectable change under 31C (HR=1.60, n.s.)",code/14_morphology_kaplan.R,output/tables/14_cox_hazard_ratios.csv
Survival,Pigment over wound,Cox PH,LRT: genet main effect,LRT chi-sq,1.1595,2,NA,NA,NA,NA,NA,NA,NA,0.56,Genet main effect on pigment_over_wound healing: n.s.,code/14_morphology_kaplan.R,output/tables/14_cox_genet_LRT.csv
Survival,Pigment over wound,Cox PH,LRT: genet x treatment,LRT chi-sq,13.275,2,NA,NA,NA,NA,NA,NA,NA,0.0013,Genet x treatment on pigment_over_wound healing: sig,code/14_morphology_kaplan.R,output/tables/14_cox_genet_LRT.csv
Survival,Pigment over wound,Cox PH (time-varying),tt(treatment) [genet=c (tt log(t+1))],Wald z,1.5247,1,NA,8,0.6514,log-HR slope vs log(t+1),NA,-0.186,1.4888,0.1273,PH-corrected per-genet test (genet=c (tt log(t+1))): n.s. — original per-genet HR was inflated by PH violation. time-varying coefficient on treatment; HR is exp(coef * log(t+1)),code/14_morphology_kaplan.R,output/tables/14c_cox_tt_pigment_genetC.csv
Survival,Polyp in hole,Cox PH,HR 31C/28C [genet=a],Wald z,0.5105,1,NA,8,1.4397,hazard ratio,43.9708,0.3553,5.8344,0.6097,"polyp_in_hole: no detectable change under 31C (HR=1.44, n.s.)",code/14_morphology_kaplan.R,output/tables/14_cox_hazard_ratios.csv
Survival,Polyp in hole,Cox PH,HR 31C/28C [genet=c],Wald z,0.2671,1,NA,8,1.2094,hazard ratio,20.9432,0.2997,4.8805,0.7894,"polyp_in_hole: no detectable change under 31C (HR=1.21, n.s.)",code/14_morphology_kaplan.R,output/tables/14_cox_hazard_ratios.csv
Survival,Polyp in hole,Cox PH,HR 31C/28C [genet=d],Wald z,0.547,1,NA,8,1.5232,hazard ratio,52.3217,0.3372,6.8814,0.5844,"polyp_in_hole: no detectable change under 31C (HR=1.52, n.s.)",code/14_morphology_kaplan.R,output/tables/14_cox_hazard_ratios.csv
Survival,Polyp in hole,Cox PH,HR 31C/28C [overall (strata=thicket)],Wald z,0.7608,1,NA,24,1.3778,hazard ratio,37.7777,0.6034,3.1459,0.4468,"polyp_in_hole: no detectable change under 31C (HR=1.38, n.s.)",code/14_morphology_kaplan.R,output/tables/14_cox_hazard_ratios.csv
Survival,Polyp in hole,Cox PH,LRT: genet main effect,LRT chi-sq,1.1333,2,NA,NA,NA,NA,NA,NA,NA,0.5674,Genet main effect on polyp_in_hole healing: n.s.,code/14_morphology_kaplan.R,output/tables/14_cox_genet_LRT.csv
Survival,Polyp in hole,Cox PH,LRT: genet x treatment,LRT chi-sq,0.0216,2,NA,NA,NA,NA,NA,NA,NA,0.9893,Genet x treatment on polyp_in_hole healing: n.s.,code/14_morphology_kaplan.R,output/tables/14_cox_genet_LRT.csv
Survival,Tip exist,Cox PH,HR 31C/28C [genet=a],Wald z,-1.3152,1,NA,8,0.3123,hazard ratio,-68.7735,0.0551,1.7692,0.1884,"tip_exist: no detectable change under 31C (HR=0.31, n.s.)",code/14_morphology_kaplan.R,output/tables/14_cox_hazard_ratios.csv
Survival,Tip exist,Cox PH,HR 31C/28C [genet=c],Wald z,0.4138,1,NA,8,1.3411,hazard ratio,34.1106,0.334,5.3847,0.679,"tip_exist: no detectable change under 31C (HR=1.34, n.s.)",code/14_morphology_kaplan.R,output/tables/14_cox_hazard_ratios.csv
Survival,Tip exist,Cox PH,HR 31C/28C [genet=d],Wald z,-0.7471,1,NA,8,0.5616,hazard ratio,-43.8406,0.1236,2.5517,0.455,"tip_exist: no detectable change under 31C (HR=0.56, n.s.)",code/14_morphology_kaplan.R,output/tables/14_cox_hazard_ratios.csv
Survival,Tip exist,Cox PH,HR 31C/28C [overall (strata=thicket)],Wald z,-0.8997,1,NA,24,0.6663,hazard ratio,-33.3749,0.2751,1.6137,0.3683,"tip_exist: no detectable change under 31C (HR=0.67, n.s.)",code/14_morphology_kaplan.R,output/tables/14_cox_hazard_ratios.csv
Survival,Tip exist,Cox PH,LRT: genet main effect,LRT chi-sq,3.8112,2,NA,NA,NA,NA,NA,NA,NA,0.1487,Genet main effect on tip_exist healing: n.s.,code/14_morphology_kaplan.R,output/tables/14_cox_genet_LRT.csv
Survival,Tip exist,Cox PH,LRT: genet x treatment,LRT chi-sq,2.3844,2,NA,NA,NA,NA,NA,NA,NA,0.3036,Genet x treatment on tip_exist healing: n.s.,code/14_morphology_kaplan.R,output/tables/14_cox_genet_LRT.csv
Survival,Tip extension,Cox PH,HR 31C/28C [genet=a],Wald z,0,1,NA,8,1,hazard ratio,0,0.2501,3.9984,1,"tip_extension: no detectable change under 31C (HR=1.00, n.s.)",code/14_morphology_kaplan.R,output/tables/14_cox_hazard_ratios.csv
Survival,Tip extension,Cox PH,HR 31C/28C [genet=c],Wald z,-0.1454,1,NA,8,0.8932,hazard ratio,-10.6807,0.1949,4.0928,0.8844,"tip_extension: no detectable change under 31C (HR=0.89, n.s.)",code/14_morphology_kaplan.R,output/tables/14_cox_hazard_ratios.csv
Survival,Tip extension,Cox PH,HR 31C/28C [genet=d],Wald z,-0.7471,1,NA,8,0.5616,hazard ratio,-43.8406,0.1236,2.5517,0.455,"tip_extension: no detectable change under 31C (HR=0.56, n.s.)",code/14_morphology_kaplan.R,output/tables/14_cox_hazard_ratios.csv
Survival,Tip extension,Cox PH,HR 31C/28C [overall (strata=thicket)],Wald z,-0.5056,1,NA,24,0.8039,hazard ratio,-19.611,0.3449,1.8738,0.6131,"tip_extension: no detectable change under 31C (HR=0.80, n.s.)",code/14_morphology_kaplan.R,output/tables/14_cox_hazard_ratios.csv
Survival,Tip extension,Cox PH,LRT: genet main effect,LRT chi-sq,3.4675,2,NA,NA,NA,NA,NA,NA,NA,0.1766,Genet main effect on tip_extension healing: n.s.,code/14_morphology_kaplan.R,output/tables/14_cox_genet_LRT.csv
Survival,Tip extension,Cox PH,LRT: genet x treatment,LRT chi-sq,0.9264,2,NA,NA,NA,NA,NA,NA,NA,0.6293,Genet x treatment on tip_extension healing: n.s.,code/14_morphology_kaplan.R,output/tables/14_cox_genet_LRT.csv
Survival,Wound smoothed,Cox PH,HR 31C/28C [genet=a],Wald z,0,1,NA,8,1,hazard ratio,0,0.2501,3.9984,1,"wound_smoothed: no detectable change under 31C (HR=1.00, n.s.)",code/14_morphology_kaplan.R,output/tables/14_cox_hazard_ratios.csv
Survival,Wound smoothed,Cox PH,HR 31C/28C [genet=c],Wald z,0.7471,1,NA,8,1.7806,hazard ratio,78.0647,0.3919,8.0907,0.455,"wound_smoothed: no detectable change under 31C (HR=1.78, n.s.)",code/14_morphology_kaplan.R,output/tables/14_cox_hazard_ratios.csv
Survival,Wound smoothed,Cox PH,HR 31C/28C [genet=d],Wald z,1.3152,1,NA,8,3.2024,hazard ratio,220.2407,0.5652,18.1442,0.1884,"wound_smoothed: no detectable change under 31C (HR=3.20, n.s.)",code/14_morphology_kaplan.R,output/tables/14_cox_hazard_ratios.csv
Survival,Wound smoothed,Cox PH,HR 31C/28C [overall (strata=thicket)],Wald z,1.1462,1,NA,24,1.6697,hazard ratio,66.9703,0.6949,4.012,0.2517,"wound_smoothed: no detectable change under 31C (HR=1.67, n.s.)",code/14_morphology_kaplan.R,output/tables/14_cox_hazard_ratios.csv
Survival,Wound smoothed,Cox PH,LRT: genet main effect,LRT chi-sq,0.4831,2,NA,NA,NA,NA,NA,NA,NA,0.7854,Genet main effect on wound_smoothed healing: n.s.,code/14_morphology_kaplan.R,output/tables/14_cox_genet_LRT.csv
Survival,Wound smoothed,Cox PH,LRT: genet x treatment,LRT chi-sq,1.1107,2,NA,NA,NA,NA,NA,NA,NA,0.5739,Genet x treatment on wound_smoothed healing: n.s.,code/14_morphology_kaplan.R,output/tables/14_cox_genet_LRT.csv
Time-series diagnostic,Color (D-scale),diagnostic,AR(1) temporal autocorrelation (LRT vs no-corr),LRT / Wald,0,1,NA,NA,NA,NA,NA,NA,NA,1,no significant residual autocorrelation,code/23_timeseries_diagnostics.R,output/tables/23_timeseries_diagnostics.csv
Time-series diagnostic,Color (D-scale),diagnostic,"nonlinearity of time (quadratic vs linear, LRT)",LRT / Wald,15.769,2,NA,NA,NA,NA,NA,NA,NA,4e-4,trajectory is NONLINEAR — linear slope is an approximation,code/23_timeseries_diagnostics.R,output/tables/23_timeseries_diagnostics.csv
Time-series diagnostic,Color (D-scale),diagnostic,random slope of time by coral (LRT vs intercept-only),LRT / Wald,83.9844,2,NA,NA,NA,NA,NA,NA,NA,0,random slope improves fit (individual trajectories differ),code/23_timeseries_diagnostics.R,output/tables/23_timeseries_diagnostics.csv
Time-series diagnostic,Color (D-scale),diagnostic,treatment×time robustness to AR(1),LRT / Wald,-10.0769,NA,NA,NA,NA,NA,NA,NA,NA,0,"treatment×time p: base=1.76e-20, AR(1)=1.76e-20 — conclusion unchanged",code/23_timeseries_diagnostics.R,output/tables/23_timeseries_diagnostics.csv
Time-series diagnostic,PAM Fv/Fm,diagnostic,AR(1) temporal autocorrelation (LRT vs no-corr),LRT / Wald,10.3842,1,NA,NA,NA,NA,NA,NA,NA,0.0013,autocorrelation PRESENT (phi=-0.41); refit AR(1),code/23_timeseries_diagnostics.R,output/tables/23_timeseries_diagnostics.csv
Time-series diagnostic,PAM Fv/Fm,diagnostic,"nonlinearity of time (quadratic vs linear, LRT)",LRT / Wald,9.9054,2,NA,NA,NA,NA,NA,NA,NA,0.0071,trajectory is NONLINEAR — linear slope is an approximation,code/23_timeseries_diagnostics.R,output/tables/23_timeseries_diagnostics.csv
Time-series diagnostic,PAM Fv/Fm,diagnostic,random slope of time by coral (LRT vs intercept-only),LRT / Wald,23.0719,2,NA,NA,NA,NA,NA,NA,NA,0,random slope improves fit (individual trajectories differ),code/23_timeseries_diagnostics.R,output/tables/23_timeseries_diagnostics.csv
Time-series diagnostic,PAM Fv/Fm,diagnostic,treatment×time robustness to AR(1),LRT / Wald,-6.9262,NA,NA,NA,NA,NA,NA,NA,NA,0,"treatment×time p: base=1.37e-10, AR(1)=3.04e-11 — conclusion unchanged",code/23_timeseries_diagnostics.R,output/tables/23_timeseries_diagnostics.csv
Time-series diagnostic,log symbionts (cross-sectional),diagnostic,"nonlinearity of time (quadratic vs linear, LRT)",LRT / Wald,8.7012,2,NA,NA,NA,NA,NA,NA,NA,0.0129,trajectory is NONLINEAR — linear slope is an approximation,code/23_timeseries_diagnostics.R,output/tables/23_timeseries_diagnostics.csv
