Domain,Response,Model,Term,Test,Statistic,df,N,Estimate,% change,95% CI,p,Interpretation,Source
Morphology,Hole in center,GLMM (binomial),day,Wald chi-sq,36.96,3,NA,NA,NA,NA,<0.001,day effect on hole_in_center (significant),code/04_physio_morphology.R
Morphology,Hole in center,GLMM (binomial),day:thicket,Wald chi-sq,2.30,2,NA,NA,NA,NA,0.317,day:thicket effect on hole_in_center (n.s.),code/04_physio_morphology.R
Morphology,Hole in center,GLMM (binomial),thicket,Wald chi-sq,5.89,5,NA,NA,NA,NA,0.317,thicket effect on hole_in_center (n.s.),code/04_physio_morphology.R
Morphology,Hole in center,GLMM (binomial),treatment,Wald chi-sq,0.76,4,NA,NA,NA,NA,0.944,treatment effect on hole_in_center (n.s.),code/04_physio_morphology.R
Morphology,Hole in center,GLMM (binomial),treatment:day,Wald chi-sq,0.01,1,NA,NA,NA,NA,0.911,treatment:day effect on hole_in_center (n.s.),code/04_physio_morphology.R
Morphology,Hole in center,GLMM (binomial),treatment:day:thicket,Wald chi-sq,0.00,2,NA,NA,NA,NA,1.000,treatment:day:thicket effect on hole_in_center (n.s.),code/04_physio_morphology.R
Morphology,Hole in center,GLMM (binomial),treatment:thicket,Wald chi-sq,0.45,2,NA,NA,NA,NA,0.798,treatment:thicket effect on hole_in_center (n.s.),code/04_physio_morphology.R
Morphology,Hole in center,"GLMM (binomial, blme Cauchy(0,2.5))",fixed: day,Wald z,2578.61,NA,NA,NA log-odds [residual separation],NA,NA,NA,"fixed: day: residual separation after Cauchy(0,2.5) prior — report omnibus chi-sq only",code/12c_morph_blme.R
Morphology,Hole in center,"GLMM (binomial, blme Cauchy(0,2.5))",fixed: day:thicketc,Wald z,-2469.07,NA,NA,NA log-odds [residual separation],NA,NA,NA,"fixed: day:thicketc: residual separation after Cauchy(0,2.5) prior — report omnibus chi-sq only",code/12c_morph_blme.R
Morphology,Hole in center,"GLMM (binomial, blme Cauchy(0,2.5))",fixed: day:thicketd,Wald z,-2340.06,NA,NA,NA log-odds [residual separation],NA,NA,NA,"fixed: day:thicketd: residual separation after Cauchy(0,2.5) prior — report omnibus chi-sq only",code/12c_morph_blme.R
Morphology,Hole in center,"GLMM (binomial, blme Cauchy(0,2.5))",fixed: thicketc,Wald z,7250.43,NA,NA,NA log-odds [residual separation],NA,NA,NA,"fixed: thicketc: residual separation after Cauchy(0,2.5) prior — report omnibus chi-sq only",code/12c_morph_blme.R
Morphology,Hole in center,"GLMM (binomial, blme Cauchy(0,2.5))",fixed: thicketd,Wald z,6884.39,NA,NA,NA log-odds [residual separation],NA,NA,NA,"fixed: thicketd: residual separation after Cauchy(0,2.5) prior — report omnibus chi-sq only",code/12c_morph_blme.R
Morphology,Hole in center,"GLMM (binomial, blme Cauchy(0,2.5))",fixed: treatment31C,Wald z,-52.93,NA,NA,-0.409 log-odds,-33.5%,"[-0.42, -0.39]",<0.001,"fixed: treatment31C: OR=0.66 (sig, blme penalized)",code/12c_morph_blme.R
Morphology,Hole in center,"GLMM (binomial, blme Cauchy(0,2.5))",fixed: treatment31C:day,Wald z,72.08,NA,NA,0.557 log-odds,+74.5%,"[0.54, 0.57]",<0.001,"fixed: treatment31C:day: OR=1.74 (sig, blme penalized)",code/12c_morph_blme.R
Morphology,Hole in center,"GLMM (binomial, blme Cauchy(0,2.5))",fixed: treatment31C:day:thicketc,Wald z,-73.66,NA,NA,-0.569 log-odds,-43.4%,"[-0.58, -0.55]",<0.001,"fixed: treatment31C:day:thicketc: OR=0.57 (sig, blme penalized)",code/12c_morph_blme.R
Morphology,Hole in center,"GLMM (binomial, blme Cauchy(0,2.5))",fixed: treatment31C:day:thicketd,Wald z,2306.28,NA,NA,NA log-odds [residual separation],NA,NA,NA,"fixed: treatment31C:day:thicketd: residual separation after Cauchy(0,2.5) prior — report omnibus chi-sq only",code/12c_morph_blme.R
Morphology,Hole in center,"GLMM (binomial, blme Cauchy(0,2.5))",fixed: treatment31C:thicketc,Wald z,81.78,NA,NA,0.631 log-odds,+88.0%,"[0.62, 0.65]",<0.001,"fixed: treatment31C:thicketc: OR=1.88 (sig, blme penalized)",code/12c_morph_blme.R
Morphology,Hole in center,"GLMM (binomial, blme Cauchy(0,2.5))",fixed: treatment31C:thicketd,Wald z,-6973.97,NA,NA,NA log-odds [residual separation],NA,NA,NA,"fixed: treatment31C:thicketd: residual separation after Cauchy(0,2.5) prior — report omnibus chi-sq only",code/12c_morph_blme.R
Morphology,New corallites on tip,GLMM (binomial),day,Wald chi-sq,15.01,3,NA,NA,NA,NA,0.002,day effect on new_corallites_on_tip (significant),code/04_physio_morphology.R
Morphology,New corallites on tip,GLMM (binomial),day:thicket,Wald chi-sq,2.25,2,NA,NA,NA,NA,0.324,day:thicket effect on new_corallites_on_tip (n.s.),code/04_physio_morphology.R
Morphology,New corallites on tip,GLMM (binomial),thicket,Wald chi-sq,3.15,3,NA,NA,NA,NA,0.369,thicket effect on new_corallites_on_tip (n.s.),code/04_physio_morphology.R
Morphology,New corallites on tip,GLMM (binomial),treatment,Wald chi-sq,1.78,2,NA,NA,NA,NA,0.410,treatment effect on new_corallites_on_tip (n.s.),code/04_physio_morphology.R
Morphology,New corallites on tip,GLMM (binomial),treatment:day,Wald chi-sq,0.14,1,NA,NA,NA,NA,0.711,treatment:day effect on new_corallites_on_tip (n.s.),code/04_physio_morphology.R
Morphology,New corallites on tip,GLMM (binomial),treatment:day:thicket,Wald chi-sq,0.00,2,NA,NA,NA,NA,1.000,treatment:day:thicket effect on new_corallites_on_tip (n.s.),code/04_physio_morphology.R
Morphology,New corallites on tip,GLMM (binomial),treatment:thicket,Wald chi-sq,0.00,2,NA,NA,NA,NA,1.000,treatment:thicket effect on new_corallites_on_tip (n.s.),code/04_physio_morphology.R
Morphology,New corallites on tip,"GLMM (binomial, blme Cauchy(0,2.5))",fixed: day,Wald z,7640.00,NA,NA,NA log-odds [residual separation],NA,NA,NA,"fixed: day: residual separation after Cauchy(0,2.5) prior — report omnibus chi-sq only",code/12c_morph_blme.R
Morphology,New corallites on tip,"GLMM (binomial, blme Cauchy(0,2.5))",fixed: day:thicketc,Wald z,-7272.23,NA,NA,NA log-odds [residual separation],NA,NA,NA,"fixed: day:thicketc: residual separation after Cauchy(0,2.5) prior — report omnibus chi-sq only",code/12c_morph_blme.R
Morphology,New corallites on tip,"GLMM (binomial, blme Cauchy(0,2.5))",fixed: day:thicketd,Wald z,-1.04,NA,NA,-0.006 log-odds,-0.6%,"[-0.02, 0.00]",0.296,"fixed: day:thicketd: OR=0.99 (n.s., blme penalized)",code/12c_morph_blme.R
Morphology,New corallites on tip,"GLMM (binomial, blme Cauchy(0,2.5))",fixed: thicketc,Wald z,80121.88,NA,NA,NA log-odds [residual separation],NA,NA,NA,"fixed: thicketc: residual separation after Cauchy(0,2.5) prior — report omnibus chi-sq only",code/12c_morph_blme.R
Morphology,New corallites on tip,"GLMM (binomial, blme Cauchy(0,2.5))",fixed: thicketd,Wald z,0.94,NA,NA,0.005 log-odds,+0.5%,"[-0.01, 0.02]",0.349,"fixed: thicketd: OR=1.00 (n.s., blme penalized)",code/12c_morph_blme.R
Morphology,New corallites on tip,"GLMM (binomial, blme Cauchy(0,2.5))",fixed: treatment31C,Wald z,80167.13,NA,NA,NA log-odds [residual separation],NA,NA,NA,"fixed: treatment31C: residual separation after Cauchy(0,2.5) prior — report omnibus chi-sq only",code/12c_morph_blme.R
Morphology,New corallites on tip,"GLMM (binomial, blme Cauchy(0,2.5))",fixed: treatment31C:day,Wald z,-7627.21,NA,NA,NA log-odds [residual separation],NA,NA,NA,"fixed: treatment31C:day: residual separation after Cauchy(0,2.5) prior — report omnibus chi-sq only",code/12c_morph_blme.R
Morphology,New corallites on tip,"GLMM (binomial, blme Cauchy(0,2.5))",fixed: treatment31C:day:thicketc,Wald z,7675.08,NA,NA,NA log-odds [residual separation],NA,NA,NA,"fixed: treatment31C:day:thicketc: residual separation after Cauchy(0,2.5) prior — report omnibus chi-sq only",code/12c_morph_blme.R
Morphology,New corallites on tip,"GLMM (binomial, blme Cauchy(0,2.5))",fixed: treatment31C:day:thicketd,Wald z,118.92,NA,NA,0.633 log-odds,+88.3%,"[0.62, 0.64]",<0.001,"fixed: treatment31C:day:thicketd: OR=1.88 (sig, blme penalized)",code/12c_morph_blme.R
Morphology,New corallites on tip,"GLMM (binomial, blme Cauchy(0,2.5))",fixed: treatment31C:thicketc,Wald z,-81037.56,NA,NA,NA log-odds [residual separation],NA,NA,NA,"fixed: treatment31C:thicketc: residual separation after Cauchy(0,2.5) prior — report omnibus chi-sq only",code/12c_morph_blme.R
Morphology,New corallites on tip,"GLMM (binomial, blme Cauchy(0,2.5))",fixed: treatment31C:thicketd,Wald z,3032.27,NA,NA,NA log-odds [residual separation],NA,NA,NA,"fixed: treatment31C:thicketd: residual separation after Cauchy(0,2.5) prior — report omnibus chi-sq only",code/12c_morph_blme.R
Morphology,Pigment over wound,GLMM (binomial),day,Wald chi-sq,7.69,3,NA,NA,NA,NA,0.053,day effect on pigment_over_wound (n.s.),code/04_physio_morphology.R
Morphology,Pigment over wound,GLMM (binomial),day:thicket,Wald chi-sq,5.29,2,NA,NA,NA,NA,0.071,day:thicket effect on pigment_over_wound (n.s.),code/04_physio_morphology.R
Morphology,Pigment over wound,GLMM (binomial),thicket,Wald chi-sq,6.25,3,NA,NA,NA,NA,0.100,thicket effect on pigment_over_wound (n.s.),code/04_physio_morphology.R
Morphology,Pigment over wound,GLMM (binomial),treatment,Wald chi-sq,0.00,1,NA,NA,NA,NA,0.998,treatment effect on pigment_over_wound (n.s.),code/04_physio_morphology.R
Morphology,Pigment over wound,GLMM (binomial),treatment:day,Wald chi-sq,0.00,1,NA,NA,NA,NA,0.999,treatment:day effect on pigment_over_wound (n.s.),code/04_physio_morphology.R
Morphology,Pigment over wound,GLMM (binomial),treatment:day:thicket,Wald chi-sq,0.00,2,NA,NA,NA,NA,1.000,treatment:day:thicket effect on pigment_over_wound (n.s.),code/04_physio_morphology.R
Morphology,Pigment over wound,GLMM (binomial),treatment:thicket,Wald chi-sq,0.00,2,NA,NA,NA,NA,1.000,treatment:thicket effect on pigment_over_wound (n.s.),code/04_physio_morphology.R
Morphology,Pigment over wound,"GLMM (binomial, blme Cauchy(0,2.5))",fixed: day,Wald z,-0.26,NA,NA,-0.401 log-odds,-33.0%,"[-3.44, 2.64]",0.796,"fixed: day: OR=0.67 (n.s., blme penalized)",code/12c_morph_blme.R
Morphology,Pigment over wound,"GLMM (binomial, blme Cauchy(0,2.5))",fixed: day:thicketc,Wald z,0.64,NA,NA,1.013 log-odds,+175.4%,"[-2.10, 4.12]",0.523,"fixed: day:thicketc: OR=2.75 (n.s., blme penalized)",code/12c_morph_blme.R
Morphology,Pigment over wound,"GLMM (binomial, blme Cauchy(0,2.5))",fixed: day:thicketd,Wald z,0.13,NA,NA,0.200 log-odds,+22.2%,"[-2.85, 3.25]",0.898,"fixed: day:thicketd: OR=1.22 (n.s., blme penalized)",code/12c_morph_blme.R
Morphology,Pigment over wound,"GLMM (binomial, blme Cauchy(0,2.5))",fixed: thicketc,Wald z,-0.71,NA,NA,-4.614 log-odds,-99.0%,"[-17.39, 8.16]",0.479,"fixed: thicketc: OR=0.01 (n.s., blme penalized)",code/12c_morph_blme.R
Morphology,Pigment over wound,"GLMM (binomial, blme Cauchy(0,2.5))",fixed: thicketd,Wald z,0.72,NA,NA,3.464 log-odds,+3094.7%,"[-5.92, 12.85]",0.469,"fixed: thicketd: OR=31.95 (n.s., blme penalized)",code/12c_morph_blme.R
Morphology,Pigment over wound,"GLMM (binomial, blme Cauchy(0,2.5))",fixed: treatment31C,Wald z,0.75,NA,NA,3.594 log-odds,+3536.8%,"[-5.83, 13.01]",0.455,"fixed: treatment31C: OR=36.37 (n.s., blme penalized)",code/12c_morph_blme.R
Morphology,Pigment over wound,"GLMM (binomial, blme Cauchy(0,2.5))",fixed: treatment31C:day,Wald z,0.14,NA,NA,0.223 log-odds,+25.0%,"[-2.83, 3.27]",0.886,"fixed: treatment31C:day: OR=1.25 (n.s., blme penalized)",code/12c_morph_blme.R
Morphology,Pigment over wound,"GLMM (binomial, blme Cauchy(0,2.5))",fixed: treatment31C:day:thicketc,Wald z,0.94,NA,NA,2.054 log-odds,+680.1%,"[-2.22, 6.32]",0.346,"fixed: treatment31C:day:thicketc: OR=7.80 (n.s., blme penalized)",code/12c_morph_blme.R
Morphology,Pigment over wound,"GLMM (binomial, blme Cauchy(0,2.5))",fixed: treatment31C:day:thicketd,Wald z,-0.08,NA,NA,-1.643 log-odds,-80.6%,"[-40.98, 37.69]",0.935,"fixed: treatment31C:day:thicketd: OR=0.19 (n.s., blme penalized)",code/12c_morph_blme.R
Morphology,Pigment over wound,"GLMM (binomial, blme Cauchy(0,2.5))",fixed: treatment31C:thicketc,Wald z,-1.59,NA,NA,NA log-odds [residual separation],NA,NA,NA,"fixed: treatment31C:thicketc: residual separation after Cauchy(0,2.5) prior — report omnibus chi-sq only",code/12c_morph_blme.R
Morphology,Pigment over wound,"GLMM (binomial, blme Cauchy(0,2.5))",fixed: treatment31C:thicketd,Wald z,-0.64,NA,NA,-8.440 log-odds,-100.0%,"[-34.10, 17.22]",0.519,"fixed: treatment31C:thicketd: OR=0.00 (n.s., blme penalized)",code/12c_morph_blme.R
Morphology,Polyp in hole,GLMM (binomial),day,Wald chi-sq,36.96,3,NA,NA,NA,NA,<0.001,day effect on polyp_in_hole (significant),code/04_physio_morphology.R
Morphology,Polyp in hole,GLMM (binomial),day:thicket,Wald chi-sq,2.30,2,NA,NA,NA,NA,0.317,day:thicket effect on polyp_in_hole (n.s.),code/04_physio_morphology.R
Morphology,Polyp in hole,GLMM (binomial),thicket,Wald chi-sq,5.89,5,NA,NA,NA,NA,0.317,thicket effect on polyp_in_hole (n.s.),code/04_physio_morphology.R
Morphology,Polyp in hole,GLMM (binomial),treatment,Wald chi-sq,0.76,4,NA,NA,NA,NA,0.944,treatment effect on polyp_in_hole (n.s.),code/04_physio_morphology.R
Morphology,Polyp in hole,GLMM (binomial),treatment:day,Wald chi-sq,0.01,1,NA,NA,NA,NA,0.911,treatment:day effect on polyp_in_hole (n.s.),code/04_physio_morphology.R
Morphology,Polyp in hole,GLMM (binomial),treatment:day:thicket,Wald chi-sq,0.00,2,NA,NA,NA,NA,1.000,treatment:day:thicket effect on polyp_in_hole (n.s.),code/04_physio_morphology.R
Morphology,Polyp in hole,GLMM (binomial),treatment:thicket,Wald chi-sq,0.45,2,NA,NA,NA,NA,0.798,treatment:thicket effect on polyp_in_hole (n.s.),code/04_physio_morphology.R
Morphology,Polyp in hole,"GLMM (binomial, blme Cauchy(0,2.5))",fixed: day,Wald z,2578.61,NA,NA,NA log-odds [residual separation],NA,NA,NA,"fixed: day: residual separation after Cauchy(0,2.5) prior — report omnibus chi-sq only",code/12c_morph_blme.R
Morphology,Polyp in hole,"GLMM (binomial, blme Cauchy(0,2.5))",fixed: day:thicketc,Wald z,-2469.07,NA,NA,NA log-odds [residual separation],NA,NA,NA,"fixed: day:thicketc: residual separation after Cauchy(0,2.5) prior — report omnibus chi-sq only",code/12c_morph_blme.R
Morphology,Polyp in hole,"GLMM (binomial, blme Cauchy(0,2.5))",fixed: day:thicketd,Wald z,-2340.06,NA,NA,NA log-odds [residual separation],NA,NA,NA,"fixed: day:thicketd: residual separation after Cauchy(0,2.5) prior — report omnibus chi-sq only",code/12c_morph_blme.R
Morphology,Polyp in hole,"GLMM (binomial, blme Cauchy(0,2.5))",fixed: thicketc,Wald z,7250.43,NA,NA,NA log-odds [residual separation],NA,NA,NA,"fixed: thicketc: residual separation after Cauchy(0,2.5) prior — report omnibus chi-sq only",code/12c_morph_blme.R
Morphology,Polyp in hole,"GLMM (binomial, blme Cauchy(0,2.5))",fixed: thicketd,Wald z,6884.39,NA,NA,NA log-odds [residual separation],NA,NA,NA,"fixed: thicketd: residual separation after Cauchy(0,2.5) prior — report omnibus chi-sq only",code/12c_morph_blme.R
Morphology,Polyp in hole,"GLMM (binomial, blme Cauchy(0,2.5))",fixed: treatment31C,Wald z,-52.93,NA,NA,-0.409 log-odds,-33.5%,"[-0.42, -0.39]",<0.001,"fixed: treatment31C: OR=0.66 (sig, blme penalized)",code/12c_morph_blme.R
Morphology,Polyp in hole,"GLMM (binomial, blme Cauchy(0,2.5))",fixed: treatment31C:day,Wald z,72.08,NA,NA,0.557 log-odds,+74.5%,"[0.54, 0.57]",<0.001,"fixed: treatment31C:day: OR=1.74 (sig, blme penalized)",code/12c_morph_blme.R
Morphology,Polyp in hole,"GLMM (binomial, blme Cauchy(0,2.5))",fixed: treatment31C:day:thicketc,Wald z,-73.66,NA,NA,-0.569 log-odds,-43.4%,"[-0.58, -0.55]",<0.001,"fixed: treatment31C:day:thicketc: OR=0.57 (sig, blme penalized)",code/12c_morph_blme.R
Morphology,Polyp in hole,"GLMM (binomial, blme Cauchy(0,2.5))",fixed: treatment31C:day:thicketd,Wald z,2306.28,NA,NA,NA log-odds [residual separation],NA,NA,NA,"fixed: treatment31C:day:thicketd: residual separation after Cauchy(0,2.5) prior — report omnibus chi-sq only",code/12c_morph_blme.R
Morphology,Polyp in hole,"GLMM (binomial, blme Cauchy(0,2.5))",fixed: treatment31C:thicketc,Wald z,81.78,NA,NA,0.631 log-odds,+88.0%,"[0.62, 0.65]",<0.001,"fixed: treatment31C:thicketc: OR=1.88 (sig, blme penalized)",code/12c_morph_blme.R
Morphology,Polyp in hole,"GLMM (binomial, blme Cauchy(0,2.5))",fixed: treatment31C:thicketd,Wald z,-6973.97,NA,NA,NA log-odds [residual separation],NA,NA,NA,"fixed: treatment31C:thicketd: residual separation after Cauchy(0,2.5) prior — report omnibus chi-sq only",code/12c_morph_blme.R
Morphology,Polyps out,GLMM (binomial),day,Wald chi-sq,0.01,1,NA,NA,NA,NA,0.930,day effect on polyps_out (n.s.),code/04_physio_morphology.R
Morphology,Polyps out,GLMM (binomial),day:thicket,Wald chi-sq,3.96,2,NA,NA,NA,NA,0.138,day:thicket effect on polyps_out (n.s.),code/04_physio_morphology.R
Morphology,Polyps out,GLMM (binomial),thicket,Wald chi-sq,1.70,2,NA,NA,NA,NA,0.428,thicket effect on polyps_out (n.s.),code/04_physio_morphology.R
Morphology,Polyps out,GLMM (binomial),treatment,Wald chi-sq,2.94,1,NA,NA,NA,NA,0.087,treatment effect on polyps_out (n.s.),code/04_physio_morphology.R
Morphology,Polyps out,GLMM (binomial),treatment:day,Wald chi-sq,6.70,1,NA,NA,NA,NA,0.010,treatment:day effect on polyps_out (significant),code/04_physio_morphology.R
Morphology,Polyps out,GLMM (binomial),treatment:day:thicket,Wald chi-sq,1.97,2,NA,NA,NA,NA,0.374,treatment:day:thicket effect on polyps_out (n.s.),code/04_physio_morphology.R
Morphology,Polyps out,GLMM (binomial),treatment:thicket,Wald chi-sq,0.50,2,NA,NA,NA,NA,0.780,treatment:thicket effect on polyps_out (n.s.),code/04_physio_morphology.R
Morphology,Polyps out,"GLMM (binomial, blme Cauchy(0,2.5))",fixed: day,Wald z,2.43,NA,NA,0.234 log-odds,+26.4%,"[0.05, 0.42]",0.015,"fixed: day: OR=1.26 (sig, blme penalized)",code/12c_morph_blme.R
Morphology,Polyps out,"GLMM (binomial, blme Cauchy(0,2.5))",fixed: day:thicketc,Wald z,0.13,NA,NA,0.018 log-odds,+1.8%,"[-0.25, 0.29]",0.897,"fixed: day:thicketc: OR=1.02 (n.s., blme penalized)",code/12c_morph_blme.R
Morphology,Polyps out,"GLMM (binomial, blme Cauchy(0,2.5))",fixed: day:thicketd,Wald z,0.01,NA,NA,0.002 log-odds,+0.2%,"[-0.26, 0.27]",0.990,"fixed: day:thicketd: OR=1.00 (n.s., blme penalized)",code/12c_morph_blme.R
Morphology,Polyps out,"GLMM (binomial, blme Cauchy(0,2.5))",fixed: thicketc,Wald z,0.15,NA,NA,0.065 log-odds,+6.7%,"[-0.79, 0.92]",0.882,"fixed: thicketc: OR=1.07 (n.s., blme penalized)",code/12c_morph_blme.R
Morphology,Polyps out,"GLMM (binomial, blme Cauchy(0,2.5))",fixed: thicketd,Wald z,0.33,NA,NA,0.145 log-odds,+15.6%,"[-0.70, 0.99]",0.738,"fixed: thicketd: OR=1.16 (n.s., blme penalized)",code/12c_morph_blme.R
Morphology,Polyps out,"GLMM (binomial, blme Cauchy(0,2.5))",fixed: treatment31C,Wald z,1.25,NA,NA,0.532 log-odds,+70.3%,"[-0.30, 1.36]",0.210,"fixed: treatment31C: OR=1.70 (n.s., blme penalized)",code/12c_morph_blme.R
Morphology,Polyps out,"GLMM (binomial, blme Cauchy(0,2.5))",fixed: treatment31C:day,Wald z,-3.23,NA,NA,-0.328 log-odds,-28.0%,"[-0.53, -0.13]",0.001,"fixed: treatment31C:day: OR=0.72 (sig, blme penalized)",code/12c_morph_blme.R
Morphology,Polyps out,"GLMM (binomial, blme Cauchy(0,2.5))",fixed: treatment31C:day:thicketc,Wald z,1.38,NA,NA,0.216 log-odds,+24.1%,"[-0.09, 0.52]",0.168,"fixed: treatment31C:day:thicketc: OR=1.24 (n.s., blme penalized)",code/12c_morph_blme.R
Morphology,Polyps out,"GLMM (binomial, blme Cauchy(0,2.5))",fixed: treatment31C:day:thicketd,Wald z,0.21,NA,NA,0.030 log-odds,+3.0%,"[-0.24, 0.30]",0.831,"fixed: treatment31C:day:thicketd: OR=1.03 (n.s., blme penalized)",code/12c_morph_blme.R
Morphology,Polyps out,"GLMM (binomial, blme Cauchy(0,2.5))",fixed: treatment31C:thicketc,Wald z,-0.16,NA,NA,-0.079 log-odds,-7.6%,"[-1.05, 0.90]",0.874,"fixed: treatment31C:thicketc: OR=0.92 (n.s., blme penalized)",code/12c_morph_blme.R
Morphology,Polyps out,"GLMM (binomial, blme Cauchy(0,2.5))",fixed: treatment31C:thicketd,Wald z,0.05,NA,NA,0.024 log-odds,+2.4%,"[-0.92, 0.97]",0.961,"fixed: treatment31C:thicketd: OR=1.02 (n.s., blme penalized)",code/12c_morph_blme.R
Morphology,Tip exist,GLMM (binomial),day,Wald chi-sq,52.22,4,NA,NA,NA,NA,<0.001,day effect on tip_exist (significant),code/04_physio_morphology.R
Morphology,Tip exist,GLMM (binomial),day:thicket,Wald chi-sq,9.27,2,NA,NA,NA,NA,0.010,day:thicket effect on tip_exist (significant),code/04_physio_morphology.R
Morphology,Tip exist,GLMM (binomial),thicket,Wald chi-sq,10.10,4,NA,NA,NA,NA,0.039,thicket effect on tip_exist (significant),code/04_physio_morphology.R
Morphology,Tip exist,GLMM (binomial),treatment,Wald chi-sq,4.12,2,NA,NA,NA,NA,0.127,treatment effect on tip_exist (n.s.),code/04_physio_morphology.R
Morphology,Tip exist,GLMM (binomial),treatment:day,Wald chi-sq,2.83,1,NA,NA,NA,NA,0.092,treatment:day effect on tip_exist (n.s.),code/04_physio_morphology.R
Morphology,Tip exist,GLMM (binomial),treatment:day:thicket,Wald chi-sq,0.00,2,NA,NA,NA,NA,1.000,treatment:day:thicket effect on tip_exist (n.s.),code/04_physio_morphology.R
Morphology,Tip exist,GLMM (binomial),treatment:thicket,Wald chi-sq,0.00,2,NA,NA,NA,NA,1.000,treatment:thicket effect on tip_exist (n.s.),code/04_physio_morphology.R
Morphology,Tip exist,"GLMM (binomial, blme Cauchy(0,2.5))",fixed: day,Wald z,5957.80,NA,NA,NA log-odds [residual separation],NA,NA,NA,"fixed: day: residual separation after Cauchy(0,2.5) prior — report omnibus chi-sq only",code/12c_morph_blme.R
Morphology,Tip exist,"GLMM (binomial, blme Cauchy(0,2.5))",fixed: day:thicketc,Wald z,-5840.32,NA,NA,NA log-odds [residual separation],NA,NA,NA,"fixed: day:thicketc: residual separation after Cauchy(0,2.5) prior — report omnibus chi-sq only",code/12c_morph_blme.R
Morphology,Tip exist,"GLMM (binomial, blme Cauchy(0,2.5))",fixed: day:thicketd,Wald z,36.00,NA,NA,0.258 log-odds,+29.4%,"[0.24, 0.27]",<0.001,"fixed: day:thicketd: OR=1.29 (sig, blme penalized)",code/12c_morph_blme.R
Morphology,Tip exist,"GLMM (binomial, blme Cauchy(0,2.5))",fixed: thicketc,Wald z,31136.10,NA,NA,NA log-odds [residual separation],NA,NA,NA,"fixed: thicketc: residual separation after Cauchy(0,2.5) prior — report omnibus chi-sq only",code/12c_morph_blme.R
Morphology,Tip exist,"GLMM (binomial, blme Cauchy(0,2.5))",fixed: thicketd,Wald z,-0.00,NA,NA,NA log-odds [residual separation],NA,NA,NA,"fixed: thicketd: residual separation after Cauchy(0,2.5) prior — report omnibus chi-sq only",code/12c_morph_blme.R
Morphology,Tip exist,"GLMM (binomial, blme Cauchy(0,2.5))",fixed: treatment31C,Wald z,178.65,NA,NA,NA log-odds [residual separation],NA,NA,NA,"fixed: treatment31C: residual separation after Cauchy(0,2.5) prior — report omnibus chi-sq only",code/12c_morph_blme.R
Morphology,Tip exist,"GLMM (binomial, blme Cauchy(0,2.5))",fixed: treatment31C:day,Wald z,-5631.95,NA,NA,NA log-odds [residual separation],NA,NA,NA,"fixed: treatment31C:day: residual separation after Cauchy(0,2.5) prior — report omnibus chi-sq only",code/12c_morph_blme.R
Morphology,Tip exist,"GLMM (binomial, blme Cauchy(0,2.5))",fixed: treatment31C:day:thicketc,Wald z,96.55,NA,NA,NA log-odds [residual separation],NA,NA,NA,"fixed: treatment31C:day:thicketc: residual separation after Cauchy(0,2.5) prior — report omnibus chi-sq only",code/12c_morph_blme.R
Morphology,Tip exist,"GLMM (binomial, blme Cauchy(0,2.5))",fixed: treatment31C:day:thicketd,Wald z,-276.68,NA,NA,-1.982 log-odds,-86.2%,"[-2.00, -1.97]",<0.001,"fixed: treatment31C:day:thicketd: OR=0.14 (sig, blme penalized)",code/12c_morph_blme.R
Morphology,Tip exist,"GLMM (binomial, blme Cauchy(0,2.5))",fixed: treatment31C:thicketc,Wald z,-74.64,NA,NA,NA log-odds [residual separation],NA,NA,NA,"fixed: treatment31C:thicketc: residual separation after Cauchy(0,2.5) prior — report omnibus chi-sq only",code/12c_morph_blme.R
Morphology,Tip exist,"GLMM (binomial, blme Cauchy(0,2.5))",fixed: treatment31C:thicketd,Wald z,0.13,NA,NA,NA log-odds [residual separation],NA,NA,NA,"fixed: treatment31C:thicketd: residual separation after Cauchy(0,2.5) prior — report omnibus chi-sq only",code/12c_morph_blme.R
Morphology,Tip extension,GLMM (binomial),day,Wald chi-sq,57.89,4,NA,NA,NA,NA,<0.001,day effect on tip_extension (significant),code/04_physio_morphology.R
Morphology,Tip extension,GLMM (binomial),day:thicket,Wald chi-sq,2.57,2,NA,NA,NA,NA,0.277,day:thicket effect on tip_extension (n.s.),code/04_physio_morphology.R
Morphology,Tip extension,GLMM (binomial),thicket,Wald chi-sq,7.22,4,NA,NA,NA,NA,0.125,thicket effect on tip_extension (n.s.),code/04_physio_morphology.R
Morphology,Tip extension,GLMM (binomial),treatment,Wald chi-sq,2.11,2,NA,NA,NA,NA,0.347,treatment effect on tip_extension (n.s.),code/04_physio_morphology.R
Morphology,Tip extension,GLMM (binomial),treatment:day,Wald chi-sq,1.83,1,NA,NA,NA,NA,0.177,treatment:day effect on tip_extension (n.s.),code/04_physio_morphology.R
Morphology,Tip extension,GLMM (binomial),treatment:day:thicket,Wald chi-sq,0.00,2,NA,NA,NA,NA,1.000,treatment:day:thicket effect on tip_extension (n.s.),code/04_physio_morphology.R
Morphology,Tip extension,GLMM (binomial),treatment:thicket,Wald chi-sq,0.00,2,NA,NA,NA,NA,1.000,treatment:thicket effect on tip_extension (n.s.),code/04_physio_morphology.R
Morphology,Tip extension,"GLMM (binomial, blme Cauchy(0,2.5))",fixed: day,Wald z,0.02,NA,NA,NA log-odds [residual separation],NA,NA,NA,"fixed: day: residual separation after Cauchy(0,2.5) prior — report omnibus chi-sq only",code/12c_morph_blme.R
Morphology,Tip extension,"GLMM (binomial, blme Cauchy(0,2.5))",fixed: day:thicketc,Wald z,-0.02,NA,NA,NA log-odds [residual separation],NA,NA,NA,"fixed: day:thicketc: residual separation after Cauchy(0,2.5) prior — report omnibus chi-sq only",code/12c_morph_blme.R
Morphology,Tip extension,"GLMM (binomial, blme Cauchy(0,2.5))",fixed: day:thicketd,Wald z,-0.00,NA,NA,NA log-odds [residual separation],NA,NA,NA,"fixed: day:thicketd: residual separation after Cauchy(0,2.5) prior — report omnibus chi-sq only",code/12c_morph_blme.R
Morphology,Tip extension,"GLMM (binomial, blme Cauchy(0,2.5))",fixed: thicketc,Wald z,0.02,NA,NA,NA log-odds [residual separation],NA,NA,NA,"fixed: thicketc: residual separation after Cauchy(0,2.5) prior — report omnibus chi-sq only",code/12c_morph_blme.R
Morphology,Tip extension,"GLMM (binomial, blme Cauchy(0,2.5))",fixed: thicketd,Wald z,-0.00,NA,NA,NA log-odds [residual separation],NA,NA,NA,"fixed: thicketd: residual separation after Cauchy(0,2.5) prior — report omnibus chi-sq only",code/12c_morph_blme.R
Morphology,Tip extension,"GLMM (binomial, blme Cauchy(0,2.5))",fixed: treatment31C,Wald z,0.02,NA,NA,NA log-odds [residual separation],NA,NA,NA,"fixed: treatment31C: residual separation after Cauchy(0,2.5) prior — report omnibus chi-sq only",code/12c_morph_blme.R
Morphology,Tip extension,"GLMM (binomial, blme Cauchy(0,2.5))",fixed: treatment31C:day,Wald z,-0.02,NA,NA,NA log-odds [residual separation],NA,NA,NA,"fixed: treatment31C:day: residual separation after Cauchy(0,2.5) prior — report omnibus chi-sq only",code/12c_morph_blme.R
Morphology,Tip extension,"GLMM (binomial, blme Cauchy(0,2.5))",fixed: treatment31C:day:thicketc,Wald z,0.02,NA,NA,NA log-odds [residual separation],NA,NA,NA,"fixed: treatment31C:day:thicketc: residual separation after Cauchy(0,2.5) prior — report omnibus chi-sq only",code/12c_morph_blme.R
Morphology,Tip extension,"GLMM (binomial, blme Cauchy(0,2.5))",fixed: treatment31C:day:thicketd,Wald z,0.00,NA,NA,NA log-odds [residual separation],NA,NA,NA,"fixed: treatment31C:day:thicketd: residual separation after Cauchy(0,2.5) prior — report omnibus chi-sq only",code/12c_morph_blme.R
Morphology,Tip extension,"GLMM (binomial, blme Cauchy(0,2.5))",fixed: treatment31C:thicketc,Wald z,-0.02,NA,NA,NA log-odds [residual separation],NA,NA,NA,"fixed: treatment31C:thicketc: residual separation after Cauchy(0,2.5) prior — report omnibus chi-sq only",code/12c_morph_blme.R
Morphology,Tip extension,"GLMM (binomial, blme Cauchy(0,2.5))",fixed: treatment31C:thicketd,Wald z,0.00,NA,NA,NA log-odds [residual separation],NA,NA,NA,"fixed: treatment31C:thicketd: residual separation after Cauchy(0,2.5) prior — report omnibus chi-sq only",code/12c_morph_blme.R
Morphology,Wound smoothed,GLMM (binomial),day,Wald chi-sq,23.22,1,NA,NA,NA,NA,<0.001,day effect on wound_smoothed (significant),code/04_physio_morphology.R
Morphology,Wound smoothed,GLMM (binomial),day:thicket,Wald chi-sq,0.11,2,NA,NA,NA,NA,0.945,day:thicket effect on wound_smoothed (n.s.),code/04_physio_morphology.R
Morphology,Wound smoothed,GLMM (binomial),thicket,Wald chi-sq,1.44,2,NA,NA,NA,NA,0.487,thicket effect on wound_smoothed (n.s.),code/04_physio_morphology.R
Morphology,Wound smoothed,GLMM (binomial),treatment,Wald chi-sq,0.00,1,NA,NA,NA,NA,0.999,treatment effect on wound_smoothed (n.s.),code/04_physio_morphology.R
Morphology,Wound smoothed,GLMM (binomial),treatment:day,Wald chi-sq,0.00,1,NA,NA,NA,NA,0.978,treatment:day effect on wound_smoothed (n.s.),code/04_physio_morphology.R
Morphology,Wound smoothed,GLMM (binomial),treatment:day:thicket,Wald chi-sq,0.00,2,NA,NA,NA,NA,1.000,treatment:day:thicket effect on wound_smoothed (n.s.),code/04_physio_morphology.R
Morphology,Wound smoothed,GLMM (binomial),treatment:thicket,Wald chi-sq,0.00,2,NA,NA,NA,NA,1.000,treatment:thicket effect on wound_smoothed (n.s.),code/04_physio_morphology.R
Morphology,Wound smoothed,"GLMM (binomial, blme Cauchy(0,2.5))",fixed: day,Wald z,4.23,NA,NA,1.465 log-odds,+332.6%,"[0.79, 2.14]",<0.001,"fixed: day: OR=4.33 (sig, blme penalized)",code/12c_morph_blme.R
Morphology,Wound smoothed,"GLMM (binomial, blme Cauchy(0,2.5))",fixed: day:thicketc,Wald z,0.94,NA,NA,0.404 log-odds,+49.8%,"[-0.43, 1.24]",0.345,"fixed: day:thicketc: OR=1.50 (n.s., blme penalized)",code/12c_morph_blme.R
Morphology,Wound smoothed,"GLMM (binomial, blme Cauchy(0,2.5))",fixed: day:thicketd,Wald z,0.51,NA,NA,0.196 log-odds,+21.7%,"[-0.56, 0.95]",0.610,"fixed: day:thicketd: OR=1.22 (n.s., blme penalized)",code/12c_morph_blme.R
Morphology,Wound smoothed,"GLMM (binomial, blme Cauchy(0,2.5))",fixed: thicketc,Wald z,-1.06,NA,NA,-1.671 log-odds,-81.2%,"[-4.76, 1.42]",0.289,"fixed: thicketc: OR=0.19 (n.s., blme penalized)",code/12c_morph_blme.R
Morphology,Wound smoothed,"GLMM (binomial, blme Cauchy(0,2.5))",fixed: thicketd,Wald z,-1.08,NA,NA,-1.675 log-odds,-81.3%,"[-4.72, 1.37]",0.281,"fixed: thicketd: OR=0.19 (n.s., blme penalized)",code/12c_morph_blme.R
Morphology,Wound smoothed,"GLMM (binomial, blme Cauchy(0,2.5))",fixed: treatment31C,Wald z,-1.45,NA,NA,-2.344 log-odds,-90.4%,"[-5.50, 0.81]",0.146,"fixed: treatment31C: OR=0.10 (n.s., blme penalized)",code/12c_morph_blme.R
Morphology,Wound smoothed,"GLMM (binomial, blme Cauchy(0,2.5))",fixed: treatment31C:day,Wald z,1.26,NA,NA,0.563 log-odds,+75.5%,"[-0.31, 1.44]",0.206,"fixed: treatment31C:day: OR=1.76 (n.s., blme penalized)",code/12c_morph_blme.R
Morphology,Wound smoothed,"GLMM (binomial, blme Cauchy(0,2.5))",fixed: treatment31C:day:thicketc,Wald z,1.02,NA,NA,0.633 log-odds,+88.3%,"[-0.58, 1.85]",0.308,"fixed: treatment31C:day:thicketc: OR=1.88 (n.s., blme penalized)",code/12c_morph_blme.R
Morphology,Wound smoothed,"GLMM (binomial, blme Cauchy(0,2.5))",fixed: treatment31C:day:thicketd,Wald z,1.33,NA,NA,0.826 log-odds,+128.4%,"[-0.39, 2.04]",0.184,"fixed: treatment31C:day:thicketd: OR=2.28 (n.s., blme penalized)",code/12c_morph_blme.R
Morphology,Wound smoothed,"GLMM (binomial, blme Cauchy(0,2.5))",fixed: treatment31C:thicketc,Wald z,-0.48,NA,NA,-0.861 log-odds,-57.7%,"[-4.40, 2.68]",0.634,"fixed: treatment31C:thicketc: OR=0.42 (n.s., blme penalized)",code/12c_morph_blme.R
Morphology,Wound smoothed,"GLMM (binomial, blme Cauchy(0,2.5))",fixed: treatment31C:thicketd,Wald z,-0.45,NA,NA,-0.814 log-odds,-55.7%,"[-4.35, 2.73]",0.652,"fixed: treatment31C:thicketd: OR=0.44 (n.s., blme penalized)",code/12c_morph_blme.R
Multivariate,End-of-experiment physiology PCA,PCA,loading[color_end] -> PC1,PCA loading,0.53,NA,NA,0.526 loading,NA,NA,NA,color_end loads 0.53 on PC1,code/15_multivariate.R
Multivariate,End-of-experiment physiology PCA,PCA,loading[color_end] -> PC2,PCA loading,-0.27,NA,NA,-0.273 loading,NA,NA,NA,color_end loads -0.27 on PC2,code/15_multivariate.R
Multivariate,End-of-experiment physiology PCA,PCA,loading[color_end] -> PC3,PCA loading,0.30,NA,NA,0.300 loading,NA,NA,NA,color_end loads 0.30 on PC3,code/15_multivariate.R
Multivariate,End-of-experiment physiology PCA,PCA,loading[color_end] -> PC4,PCA loading,-0.75,NA,NA,-0.747 loading,NA,NA,NA,color_end loads -0.75 on PC4,code/15_multivariate.R
Multivariate,End-of-experiment physiology PCA,PCA,loading[growth_areal] -> PC1,PCA loading,0.42,NA,NA,0.419 loading,NA,NA,NA,growth_areal loads 0.42 on PC1,code/15_multivariate.R
Multivariate,End-of-experiment physiology PCA,PCA,loading[growth_areal] -> PC2,PCA loading,0.90,NA,NA,0.899 loading,NA,NA,NA,growth_areal loads 0.90 on PC2,code/15_multivariate.R
Multivariate,End-of-experiment physiology PCA,PCA,loading[growth_areal] -> PC3,PCA loading,-0.10,NA,NA,-0.103 loading,NA,NA,NA,growth_areal loads -0.10 on PC3,code/15_multivariate.R
Multivariate,End-of-experiment physiology PCA,PCA,loading[growth_areal] -> PC4,PCA loading,-0.07,NA,NA,-0.075 loading,NA,NA,NA,growth_areal loads -0.07 on PC4,code/15_multivariate.R
Multivariate,End-of-experiment physiology PCA,PCA,loading[pam_end] -> PC1,PCA loading,0.52,NA,NA,0.516 loading,NA,NA,NA,pam_end loads 0.52 on PC1,code/15_multivariate.R
Multivariate,End-of-experiment physiology PCA,PCA,loading[pam_end] -> PC2,PCA loading,-0.32,NA,NA,-0.316 loading,NA,NA,NA,pam_end loads -0.32 on PC2,code/15_multivariate.R
Multivariate,End-of-experiment physiology PCA,PCA,loading[pam_end] -> PC3,PCA loading,-0.78,NA,NA,-0.779 loading,NA,NA,NA,pam_end loads -0.78 on PC3,code/15_multivariate.R
Multivariate,End-of-experiment physiology PCA,PCA,loading[pam_end] -> PC4,PCA loading,0.17,NA,NA,0.165 loading,NA,NA,NA,pam_end loads 0.17 on PC4,code/15_multivariate.R
Multivariate,End-of-experiment physiology PCA,PCA,loading[zoox_end] -> PC1,PCA loading,0.53,NA,NA,0.531 loading,NA,NA,NA,zoox_end loads 0.53 on PC1,code/15_multivariate.R
Multivariate,End-of-experiment physiology PCA,PCA,loading[zoox_end] -> PC2,PCA loading,-0.13,NA,NA,-0.132 loading,NA,NA,NA,zoox_end loads -0.13 on PC2,code/15_multivariate.R
Multivariate,End-of-experiment physiology PCA,PCA,loading[zoox_end] -> PC3,PCA loading,0.54,NA,NA,0.541 loading,NA,NA,NA,zoox_end loads 0.54 on PC3,code/15_multivariate.R
Multivariate,End-of-experiment physiology PCA,PCA,loading[zoox_end] -> PC4,PCA loading,0.64,NA,NA,0.639 loading,NA,NA,NA,zoox_end loads 0.64 on PC4,code/15_multivariate.R
Multivariate,Per-genet thermal displacement (PCA),PCA,genet=a,Euclidean displacement,3.72,NA,NA,3.724 PC units,NA,NA,NA,Genet a shifts 3.72 PC-units under heat,code/15_multivariate.R
Multivariate,Per-genet thermal displacement (PCA),PCA,genet=c,Euclidean displacement,1.06,NA,NA,1.060 PC units,NA,NA,NA,Genet c shifts 1.06 PC-units under heat,code/15_multivariate.R
Multivariate,Per-genet thermal displacement (PCA),PCA,genet=d,Euclidean displacement,3.34,NA,NA,3.339 PC units,NA,NA,NA,Genet d shifts 3.34 PC-units under heat,code/15_multivariate.R
Physiology,Areal calcification (mg cm-2 d-1),LM,(Intercept),ANOVA F,75.06,1,NA,NA,NA,NA,<0.001,(Intercept) effect on Areal calcification (mg cm-2 d-1) (significant),code/12_extended_stats.R
Physiology,Areal calcification (mg cm-2 d-1),LM,Residuals,Wald chi-sq,NA,36,NA,NA,NA,NA,NA,Residuals effect on Areal calcification (mg cm-2 d-1)NA,code/12_extended_stats.R
Physiology,Areal calcification (mg cm-2 d-1),LM,thicket,ANOVA F,0.39,2,NA,NA,NA,NA,0.678,thicket effect on Areal calcification (mg cm-2 d-1) (n.s.),code/12_extended_stats.R
Physiology,Areal calcification (mg cm-2 d-1),LM,treatment,ANOVA F,5.82,1,NA,NA,NA,NA,0.021,treatment effect on Areal calcification (mg cm-2 d-1) (significant),code/12_extended_stats.R
Physiology,Areal calcification (mg cm-2 d-1),LM,treatment:thicket,ANOVA F,0.24,2,NA,NA,NA,NA,0.787,treatment:thicket effect on Areal calcification (mg cm-2 d-1) (n.s.),code/12_extended_stats.R
Physiology,Areal calcification (mg cm-2 d-1),LM,treatment:wound,ANOVA F,0.03,1,NA,NA,NA,NA,0.862,treatment:wound effect on Areal calcification (mg cm-2 d-1) (n.s.),code/12_extended_stats.R
Physiology,Areal calcification (mg cm-2 d-1),LM,treatment:wound:thicket,ANOVA F,0.31,2,NA,NA,NA,NA,0.732,treatment:wound:thicket effect on Areal calcification (mg cm-2 d-1) (n.s.),code/12_extended_stats.R
Physiology,Areal calcification (mg cm-2 d-1),LM,wound,ANOVA F,0.39,1,NA,NA,NA,NA,0.537,wound effect on Areal calcification (mg cm-2 d-1) (n.s.),code/12_extended_stats.R
Physiology,Areal calcification (mg cm-2 d-1),LM,wound:thicket,ANOVA F,0.32,2,NA,NA,NA,NA,0.730,wound:thicket effect on Areal calcification (mg cm-2 d-1) (n.s.),code/12_extended_stats.R
Physiology,Areal calcification (mg cm-2 d-1),LMM,R2_conditional,R-squared,0.40,NA,NA,0.398 proportion,NA,NA,NA,R2_conditional = 0.398,code/12_extended_stats.R
Physiology,Areal calcification (mg cm-2 d-1),LMM,R2_marginal,R-squared,0.40,NA,NA,0.398 proportion,NA,NA,NA,R2_marginal = 0.398,code/12_extended_stats.R
Physiology,Areal calcification (mg cm-2 d-1),LMM,contrast: 28C - 31C | genet=a | wound=no,Satterthwaite t,2.41,36,NA,3.505 ,-39.4%,"[0.66, 6.35]",0.021,"Genet a, unwounded: lower under 31C (-39.4%)",code/12_extended_stats.R
Physiology,Areal calcification (mg cm-2 d-1),LMM,contrast: 28C - 31C | genet=a | wound=yes,Satterthwaite t,2.66,36,NA,3.865 ,-48.4%,"[1.02, 6.71]",0.011,"Genet a, wounded: lower under 31C (-48.4%)",code/12_extended_stats.R
Physiology,Areal calcification (mg cm-2 d-1),LMM,contrast: 28C - 31C | genet=c | wound=no,Satterthwaite t,1.62,36,NA,2.232 ,-28.9%,"[-0.47, 4.93]",0.114,"Genet c, unwounded: no change under 31C (-28.9%)",code/12_extended_stats.R
Physiology,Areal calcification (mg cm-2 d-1),LMM,contrast: 28C - 31C | genet=c | wound=yes,Satterthwaite t,0.39,36,NA,0.618 ,-10.7%,"[-2.46, 3.69]",0.696,"Genet c, wounded: no change under 31C (-10.7%)",code/12_extended_stats.R
Physiology,Areal calcification (mg cm-2 d-1),LMM,contrast: 28C - 31C | genet=d | wound=no,Satterthwaite t,2.29,36,NA,3.329 ,-42.4%,"[0.48, 6.17]",0.028,"Genet d, unwounded: lower under 31C (-42.4%)",code/12_extended_stats.R
Physiology,Areal calcification (mg cm-2 d-1),LMM,contrast: 28C - 31C | genet=d | wound=yes,Satterthwaite t,2.60,36,NA,3.770 ,-50.3%,"[0.92, 6.62]",0.014,"Genet d, wounded: lower under 31C (-50.3%)",code/12_extended_stats.R
Physiology,Areal calcification (mg cm-2 d-1),LRT (null vs genet x trt),LRT: adding genet x treatment x wound x day,LRT chi-sq,3.70,6,48,7.309 delta AIC,NA,NA,0.716,Adding genet x trt improves fit by dAIC=7.3 (n.s.),code/13_genet_interaction.R
Physiology,Buoyant weight growth (%),LM,(Intercept),ANOVA F,78.37,1,NA,NA,NA,NA,<0.001,(Intercept) effect on Buoyant weight growth (%) (significant),code/12_extended_stats.R
Physiology,Buoyant weight growth (%),LM,Residuals,Wald chi-sq,NA,36,NA,NA,NA,NA,NA,Residuals effect on Buoyant weight growth (%)NA,code/12_extended_stats.R
Physiology,Buoyant weight growth (%),LM,fixed: thicketc,t,-0.87,NA,NA,-0.614 %,NA,"[-2.04, 0.81]",0.391,fixed: thicketc: est=-0.61% (n.s.),code/05_buoyant_weight.R
Physiology,Buoyant weight growth (%),LM,fixed: thicketd,t,-0.99,NA,NA,-0.698 %,NA,"[-2.12, 0.73]",0.329,fixed: thicketd: est=-0.70% (n.s.),code/05_buoyant_weight.R
Physiology,Buoyant weight growth (%),LM,fixed: treatment31C,t,-3.73,NA,NA,-2.981 %,NA,"[-4.60, -1.37]",<0.001,fixed: treatment31C: est=-2.98% (sig),code/05_buoyant_weight.R
Physiology,Buoyant weight growth (%),LM,fixed: treatment31C:woundyes,t,0.12,NA,NA,0.141 %,NA,"[-2.19, 2.48]",0.904,fixed: treatment31C:woundyes: est=0.14% (n.s.),code/05_buoyant_weight.R
Physiology,Buoyant weight growth (%),LM,fixed: woundyes,t,-1.32,NA,NA,-1.075 %,NA,"[-2.72, 0.57]",0.195,fixed: woundyes: est=-1.07% (n.s.),code/05_buoyant_weight.R
Physiology,Buoyant weight growth (%),LM,thicket,ANOVA F,0.24,2,NA,NA,NA,NA,0.784,thicket effect on Buoyant weight growth (%) (n.s.),code/12_extended_stats.R
Physiology,Buoyant weight growth (%),LM,treatment,ANOVA F,4.35,1,NA,NA,NA,NA,0.044,treatment effect on Buoyant weight growth (%) (significant),code/12_extended_stats.R
Physiology,Buoyant weight growth (%),LM,treatment:thicket,ANOVA F,0.15,2,NA,NA,NA,NA,0.865,treatment:thicket effect on Buoyant weight growth (%) (n.s.),code/12_extended_stats.R
Physiology,Buoyant weight growth (%),LM,treatment:wound,ANOVA F,0.26,1,NA,NA,NA,NA,0.613,treatment:wound effect on Buoyant weight growth (%) (n.s.),code/12_extended_stats.R
Physiology,Buoyant weight growth (%),LM,treatment:wound:thicket,ANOVA F,0.78,2,NA,NA,NA,NA,0.467,treatment:wound:thicket effect on Buoyant weight growth (%) (n.s.),code/12_extended_stats.R
Physiology,Buoyant weight growth (%),LM,wound,ANOVA F,0.00,1,NA,NA,NA,NA,0.972,wound effect on Buoyant weight growth (%) (n.s.),code/12_extended_stats.R
Physiology,Buoyant weight growth (%),LM,wound:thicket,ANOVA F,0.58,2,NA,NA,NA,NA,0.567,wound:thicket effect on Buoyant weight growth (%) (n.s.),code/12_extended_stats.R
Physiology,Buoyant weight growth (%),LMM,R2_conditional,R-squared,0.39,NA,NA,0.386 proportion,NA,NA,NA,R2_conditional = 0.386,code/12_extended_stats.R
Physiology,Buoyant weight growth (%),LMM,R2_marginal,R-squared,0.39,NA,NA,0.386 proportion,NA,NA,NA,R2_marginal = 0.386,code/12_extended_stats.R
Physiology,Buoyant weight growth (%),derived,percent reduction 31C vs 28C,ratio,-33.92,NA,NA,-33.924 %,-33.9%,NA,NA,31C corals grew 34% less mass than 28C corals,code/05_buoyant_weight.R (raw)
Physiology,Buoyant weight growth (%),raw summary,mean(28C),mean +/- SD,6.10,NA,24,6.104 %,NA,"[4.41, 7.79]",NA,"28C mean growth = 6.10% (SD 1.69, n=24)",code/05_buoyant_weight.R (raw)
Physiology,Buoyant weight growth (%),raw summary,mean(31C),mean +/- SD,4.03,NA,24,4.033 %,NA,"[2.89, 5.18]",NA,"31C mean growth = 4.03% (SD 1.15, n=24)",code/05_buoyant_weight.R (raw)
Physiology,Color (Siebeck D),LMM,R2_conditional,R-squared,0.85,NA,NA,0.846 proportion,NA,NA,NA,R2_conditional = 0.846,code/12_extended_stats.R
Physiology,Color (Siebeck D),LMM,R2_marginal,R-squared,0.72,NA,NA,0.717 proportion,NA,NA,NA,R2_marginal = 0.717,code/12_extended_stats.R
Physiology,Color (Siebeck D),LMM,contrast: 28C - 31C | genet=a | wound=no,Satterthwaite t,9.05,31,NA,1.711 ,-42.8%,"[1.34, 2.08]",<0.001,"Genet a, unwounded: lower under 31C (-42.8%)",code/12_extended_stats.R
Physiology,Color (Siebeck D),LMM,contrast: 28C - 31C | genet=a | wound=yes,Satterthwaite t,9.24,33,NA,1.753 ,-43.8%,"[1.38, 2.13]",<0.001,"Genet a, wounded: lower under 31C (-43.8%)",code/12_extended_stats.R
Physiology,Color (Siebeck D),LMM,contrast: 28C - 31C | genet=c | wound=no,Satterthwaite t,2.49,31,NA,0.471 ,-11.8%,"[0.10, 0.84]",0.018,"Genet c, unwounded: lower under 31C (-11.8%)",code/12_extended_stats.R
Physiology,Color (Siebeck D),LMM,contrast: 28C - 31C | genet=c | wound=yes,Satterthwaite t,0.59,33,NA,0.112 ,-2.8%,"[-0.26, 0.48]",0.560,"Genet c, wounded: no change under 31C (-2.8%)",code/12_extended_stats.R
Physiology,Color (Siebeck D),LMM,contrast: 28C - 31C | genet=d | wound=no,Satterthwaite t,6.80,31,NA,1.286 ,-35.5%,"[0.92, 1.66]",<0.001,"Genet d, unwounded: lower under 31C (-35.5%)",code/12_extended_stats.R
Physiology,Color (Siebeck D),LMM,contrast: 28C - 31C | genet=d | wound=yes,Satterthwaite t,8.33,33,NA,1.581 ,-39.5%,"[1.21, 1.95]",<0.001,"Genet d, wounded: lower under 31C (-39.5%)",code/12_extended_stats.R
Physiology,Color (Siebeck D),LMM,day,ANOVA F,361.40,1,NA,NA,NA,NA,NA,day effect on Color (Siebeck D)NA,code/12_extended_stats.R
Physiology,Color (Siebeck D),LMM,day:thicket,ANOVA F,43.24,2,NA,NA,NA,NA,NA,day:thicket effect on Color (Siebeck D)NA,code/12_extended_stats.R
Physiology,Color (Siebeck D),LMM,thicket,ANOVA F,20.70,2,NA,NA,NA,NA,NA,thicket effect on Color (Siebeck D)NA,code/12_extended_stats.R
Physiology,Color (Siebeck D),LMM,treatment,ANOVA F,19.11,1,NA,NA,NA,NA,NA,treatment effect on Color (Siebeck D)NA,code/12_extended_stats.R
Physiology,Color (Siebeck D),LMM,treatment:day,ANOVA F,258.96,1,NA,NA,NA,NA,NA,treatment:day effect on Color (Siebeck D)NA,code/12_extended_stats.R
Physiology,Color (Siebeck D),LMM,treatment:day:thicket,ANOVA F,29.80,2,NA,NA,NA,NA,NA,treatment:day:thicket effect on Color (Siebeck D)NA,code/12_extended_stats.R
Physiology,Color (Siebeck D),LMM,treatment:thicket,ANOVA F,16.95,2,NA,NA,NA,NA,NA,treatment:thicket effect on Color (Siebeck D)NA,code/12_extended_stats.R
Physiology,Color (Siebeck D),LMM,treatment:wound,ANOVA F,21.58,1,NA,NA,NA,NA,NA,treatment:wound effect on Color (Siebeck D)NA,code/12_extended_stats.R
Physiology,Color (Siebeck D),LMM,treatment:wound:day,ANOVA F,1.43,1,NA,NA,NA,NA,NA,treatment:wound:day effect on Color (Siebeck D)NA,code/12_extended_stats.R
Physiology,Color (Siebeck D),LMM,treatment:wound:day:thicket,ANOVA F,2.59,2,NA,NA,NA,NA,NA,treatment:wound:day:thicket effect on Color (Siebeck D)NA,code/12_extended_stats.R
Physiology,Color (Siebeck D),LMM,treatment:wound:thicket,ANOVA F,6.31,2,NA,NA,NA,NA,NA,treatment:wound:thicket effect on Color (Siebeck D)NA,code/12_extended_stats.R
Physiology,Color (Siebeck D),LMM,wound,ANOVA F,15.38,1,NA,NA,NA,NA,NA,wound effect on Color (Siebeck D)NA,code/12_extended_stats.R
Physiology,Color (Siebeck D),LMM,wound:day,ANOVA F,0.17,1,NA,NA,NA,NA,NA,wound:day effect on Color (Siebeck D)NA,code/12_extended_stats.R
Physiology,Color (Siebeck D),LMM,wound:day:thicket,ANOVA F,0.40,2,NA,NA,NA,NA,NA,wound:day:thicket effect on Color (Siebeck D)NA,code/12_extended_stats.R
Physiology,Color (Siebeck D),LMM,wound:thicket,ANOVA F,4.02,2,NA,NA,NA,NA,NA,wound:thicket effect on Color (Siebeck D)NA,code/12_extended_stats.R
Physiology,Color (Siebeck D),LRT (null vs genet x trt),LRT: adding genet x treatment x wound x day,LRT chi-sq,177.72,15,336,-147.720 delta AIC,NA,NA,<0.001,Adding genet x trt improves fit by dAIC=-147.7 (sig),code/13_genet_interaction.R
Physiology,Color (Siebeck D) — ordinal robustness,CLMM (cumulative-link mixed),day:thicket,LRT chi-sq,0.20,2,NA,NA,NA,NA,0.904,day:thicket (ordinal CLMM): n.s.,code/12b_color_clmm_robustness.R
Physiology,Color (Siebeck D) — ordinal robustness,CLMM (cumulative-link mixed),treatment:wound:day,LRT chi-sq,0.00,1,NA,NA,NA,NA,0.963,treatment:wound:day (ordinal CLMM): n.s.,code/12b_color_clmm_robustness.R
Physiology,Color (Siebeck D) — ordinal robustness,CLMM (cumulative-link mixed),treatment:wound:thicket,LRT chi-sq,0.47,2,NA,NA,NA,NA,0.791,treatment:wound:thicket (ordinal CLMM): n.s.,code/12b_color_clmm_robustness.R
Physiology,PAM Fv/Fm,LMM,R2_conditional,R-squared,0.72,NA,NA,0.719 proportion,NA,NA,NA,R2_conditional = 0.719,code/12_extended_stats.R
Physiology,PAM Fv/Fm,LMM,R2_marginal,R-squared,0.62,NA,NA,0.622 proportion,NA,NA,NA,R2_marginal = 0.622,code/12_extended_stats.R
Physiology,PAM Fv/Fm,LMM,contrast: 28C - 31C | genet=a | wound=no,Satterthwaite t,7.79,34,NA,0.126 ,-18.9%,"[0.09, 0.16]",<0.001,"Genet a, unwounded: lower under 31C (-18.9%)",code/12_extended_stats.R
Physiology,PAM Fv/Fm,LMM,contrast: 28C - 31C | genet=a | wound=yes,Satterthwaite t,6.20,34,NA,0.101 ,-15.4%,"[0.07, 0.13]",<0.001,"Genet a, wounded: lower under 31C (-15.4%)",code/12_extended_stats.R
Physiology,PAM Fv/Fm,LMM,contrast: 28C - 31C | genet=c | wound=no,Satterthwaite t,2.90,30,NA,0.046 ,-6.7%,"[0.01, 0.08]",0.007,"Genet c, unwounded: lower under 31C (-6.7%)",code/12_extended_stats.R
Physiology,PAM Fv/Fm,LMM,contrast: 28C - 31C | genet=c | wound=yes,Satterthwaite t,0.96,40,NA,0.016 ,-2.4%,"[-0.02, 0.05]",0.343,"Genet c, wounded: no change under 31C (-2.4%)",code/12_extended_stats.R
Physiology,PAM Fv/Fm,LMM,contrast: 28C - 31C | genet=d | wound=no,Satterthwaite t,6.58,34,NA,0.107 ,-15.9%,"[0.07, 0.14]",<0.001,"Genet d, unwounded: lower under 31C (-15.9%)",code/12_extended_stats.R
Physiology,PAM Fv/Fm,LMM,contrast: 28C - 31C | genet=d | wound=yes,Satterthwaite t,6.52,34,NA,0.106 ,-15.9%,"[0.07, 0.14]",<0.001,"Genet d, wounded: lower under 31C (-15.9%)",code/12_extended_stats.R
Physiology,PAM Fv/Fm,LMM,day,ANOVA F,163.68,1,NA,NA,NA,NA,NA,day effect on PAM Fv/FmNA,code/12_extended_stats.R
Physiology,PAM Fv/Fm,LMM,day:thicket,ANOVA F,13.08,2,NA,NA,NA,NA,NA,day:thicket effect on PAM Fv/FmNA,code/12_extended_stats.R
Physiology,PAM Fv/Fm,LMM,thicket,ANOVA F,54.44,2,NA,NA,NA,NA,NA,thicket effect on PAM Fv/FmNA,code/12_extended_stats.R
Physiology,PAM Fv/Fm,LMM,treatment,ANOVA F,15.83,1,NA,NA,NA,NA,NA,treatment effect on PAM Fv/FmNA,code/12_extended_stats.R
Physiology,PAM Fv/Fm,LMM,treatment:day,ANOVA F,112.68,1,NA,NA,NA,NA,NA,treatment:day effect on PAM Fv/FmNA,code/12_extended_stats.R
Physiology,PAM Fv/Fm,LMM,treatment:day:thicket,ANOVA F,14.66,2,NA,NA,NA,NA,NA,treatment:day:thicket effect on PAM Fv/FmNA,code/12_extended_stats.R
Physiology,PAM Fv/Fm,LMM,treatment:thicket,ANOVA F,9.66,2,NA,NA,NA,NA,NA,treatment:thicket effect on PAM Fv/FmNA,code/12_extended_stats.R
Physiology,PAM Fv/Fm,LMM,treatment:wound,ANOVA F,3.90,1,NA,NA,NA,NA,NA,treatment:wound effect on PAM Fv/FmNA,code/12_extended_stats.R
Physiology,PAM Fv/Fm,LMM,treatment:wound:day,ANOVA F,0.01,1,NA,NA,NA,NA,NA,treatment:wound:day effect on PAM Fv/FmNA,code/12_extended_stats.R
Physiology,PAM Fv/Fm,LMM,treatment:wound:day:thicket,ANOVA F,2.39,2,NA,NA,NA,NA,NA,treatment:wound:day:thicket effect on PAM Fv/FmNA,code/12_extended_stats.R
Physiology,PAM Fv/Fm,LMM,treatment:wound:thicket,ANOVA F,0.39,2,NA,NA,NA,NA,NA,treatment:wound:thicket effect on PAM Fv/FmNA,code/12_extended_stats.R
Physiology,PAM Fv/Fm,LMM,wound,ANOVA F,0.09,1,NA,NA,NA,NA,NA,wound effect on PAM Fv/FmNA,code/12_extended_stats.R
Physiology,PAM Fv/Fm,LMM,wound:day,ANOVA F,0.57,1,NA,NA,NA,NA,NA,wound:day effect on PAM Fv/FmNA,code/12_extended_stats.R
Physiology,PAM Fv/Fm,LMM,wound:day:thicket,ANOVA F,0.81,2,NA,NA,NA,NA,NA,wound:day:thicket effect on PAM Fv/FmNA,code/12_extended_stats.R
Physiology,PAM Fv/Fm,LMM,wound:thicket,ANOVA F,0.20,2,NA,NA,NA,NA,NA,wound:thicket effect on PAM Fv/FmNA,code/12_extended_stats.R
Physiology,PAM Fv/Fm,LRT (null vs genet x trt),LRT: adding genet x treatment x wound x day,LRT chi-sq,90.49,15,336,-60.495 delta AIC,NA,NA,<0.001,Adding genet x trt improves fit by dAIC=-60.5 (sig),code/13_genet_interaction.R
Physiology,Symbiont density (cells cm-2),raw summary,"mean(28C, day 1)",mean,1165429.22,NA,24,1165429.220 cells cm-2,NA,NA,NA,"28C, biopsy day 1: 1.17e+06 cells cm-2 (n=24)",code/06_symbiont_chl.R (raw)
Physiology,Symbiont density (cells cm-2),raw summary,"mean(28C, day 15)",mean,967415.21,NA,24,967415.211 cells cm-2,NA,NA,NA,"28C, biopsy day 15: 9.67e+05 cells cm-2 (n=24)",code/06_symbiont_chl.R (raw)
Physiology,Symbiont density (cells cm-2),raw summary,"mean(31C, day 1)",mean,750659.87,NA,24,750659.869 cells cm-2,NA,NA,NA,"31C, biopsy day 1: 7.51e+05 cells cm-2 (n=24)",code/06_symbiont_chl.R (raw)
Physiology,Symbiont density (cells cm-2),raw summary,"mean(31C, day 15)",mean,208909.48,NA,24,208909.480 cells cm-2,NA,NA,NA,"31C, biopsy day 15: 2.09e+05 cells cm-2 (n=24)",code/06_symbiont_chl.R (raw)
Physiology,log10 symbionts cm-2,LMM,R2_conditional,R-squared,0.76,NA,NA,0.758 proportion,NA,NA,NA,R2_conditional = 0.758,code/12_extended_stats.R
Physiology,log10 symbionts cm-2,LMM,R2_marginal,R-squared,0.72,NA,NA,0.719 proportion,NA,NA,NA,R2_marginal = 0.719,code/12_extended_stats.R
Physiology,log10 symbionts cm-2,LMM,biopsy_day_c,ANOVA F,123.69,1,NA,NA,NA,NA,NA,biopsy_day_c effect on log10 symbionts cm-2NA,code/12_extended_stats.R
Physiology,log10 symbionts cm-2,LMM,biopsy_day_c:thicket,ANOVA F,8.74,2,NA,NA,NA,NA,NA,biopsy_day_c:thicket effect on log10 symbionts cm-2NA,code/12_extended_stats.R
Physiology,log10 symbionts cm-2,LMM,contrast: 28C - 31C | genet=a | wound=no,Satterthwaite t,8.71,81,NA,2.636 ,-43.8%,"[2.04, 3.23]",<0.001,"Genet a, unwounded: lower under 31C (-43.8%)",code/12_extended_stats.R
Physiology,log10 symbionts cm-2,LMM,contrast: 28C - 31C | genet=a | wound=yes,Satterthwaite t,7.63,81,NA,2.309 ,-38.6%,"[1.72, 2.90]",<0.001,"Genet a, wounded: lower under 31C (-38.6%)",code/12_extended_stats.R
Physiology,log10 symbionts cm-2,LMM,contrast: 28C - 31C | genet=c | wound=no,Satterthwaite t,3.49,75,NA,1.023 ,-17.0%,"[0.45, 1.60]",<0.001,"Genet c, unwounded: lower under 31C (-17.0%)",code/12_extended_stats.R
Physiology,log10 symbionts cm-2,LMM,contrast: 28C - 31C | genet=c | wound=yes,Satterthwaite t,2.52,90,NA,0.798 ,-13.3%,"[0.18, 1.42]",0.013,"Genet c, wounded: lower under 31C (-13.3%)",code/12_extended_stats.R
Physiology,log10 symbionts cm-2,LMM,contrast: 28C - 31C | genet=d | wound=no,Satterthwaite t,8.45,81,NA,2.558 ,-43.1%,"[1.96, 3.15]",<0.001,"Genet d, unwounded: lower under 31C (-43.1%)",code/12_extended_stats.R
Physiology,log10 symbionts cm-2,LMM,contrast: 28C - 31C | genet=d | wound=yes,Satterthwaite t,6.62,81,NA,2.005 ,-33.6%,"[1.41, 2.60]",<0.001,"Genet d, wounded: lower under 31C (-33.6%)",code/12_extended_stats.R
Physiology,log10 symbionts cm-2,LMM,thicket,ANOVA F,20.68,2,NA,NA,NA,NA,NA,thicket effect on log10 symbionts cm-2NA,code/12_extended_stats.R
Physiology,log10 symbionts cm-2,LMM,treatment,ANOVA F,48.83,1,NA,NA,NA,NA,NA,treatment effect on log10 symbionts cm-2NA,code/12_extended_stats.R
Physiology,log10 symbionts cm-2,LMM,treatment:biopsy_day_c,ANOVA F,94.67,1,NA,NA,NA,NA,NA,treatment:biopsy_day_c effect on log10 symbionts cm-2NA,code/12_extended_stats.R
Physiology,log10 symbionts cm-2,LMM,treatment:biopsy_day_c:thicket,ANOVA F,6.32,2,NA,NA,NA,NA,NA,treatment:biopsy_day_c:thicket effect on log10 symbionts cm-2NA,code/12_extended_stats.R
Physiology,log10 symbionts cm-2,LMM,treatment:thicket,ANOVA F,16.16,2,NA,NA,NA,NA,NA,treatment:thicket effect on log10 symbionts cm-2NA,code/12_extended_stats.R
Physiology,log10 symbionts cm-2,LMM,treatment:wound,ANOVA F,0.44,1,NA,NA,NA,NA,NA,treatment:wound effect on log10 symbionts cm-2NA,code/12_extended_stats.R
Physiology,log10 symbionts cm-2,LMM,treatment:wound:biopsy_day_c,ANOVA F,1.89,1,NA,NA,NA,NA,NA,treatment:wound:biopsy_day_c effect on log10 symbionts cm-2NA,code/12_extended_stats.R
Physiology,log10 symbionts cm-2,LMM,treatment:wound:biopsy_day_c:thicket,ANOVA F,0.21,2,NA,NA,NA,NA,NA,treatment:wound:biopsy_day_c:thicket effect on log10 symbionts cm-2NA,code/12_extended_stats.R
Physiology,log10 symbionts cm-2,LMM,treatment:wound:thicket,ANOVA F,0.51,2,NA,NA,NA,NA,NA,treatment:wound:thicket effect on log10 symbionts cm-2NA,code/12_extended_stats.R
Physiology,log10 symbionts cm-2,LMM,wound,ANOVA F,0.63,1,NA,NA,NA,NA,NA,wound effect on log10 symbionts cm-2NA,code/12_extended_stats.R
Physiology,log10 symbionts cm-2,LMM,wound:biopsy_day_c,ANOVA F,0.15,1,NA,NA,NA,NA,NA,wound:biopsy_day_c effect on log10 symbionts cm-2NA,code/12_extended_stats.R
Physiology,log10 symbionts cm-2,LMM,wound:biopsy_day_c:thicket,ANOVA F,0.14,2,NA,NA,NA,NA,NA,wound:biopsy_day_c:thicket effect on log10 symbionts cm-2NA,code/12_extended_stats.R
Physiology,log10 symbionts cm-2,LMM,wound:thicket,ANOVA F,1.52,2,NA,NA,NA,NA,NA,wound:thicket effect on log10 symbionts cm-2NA,code/12_extended_stats.R
Physiology,log_zoox,LRT (null vs genet x trt),LRT: adding genet x treatment x wound x day,LRT chi-sq,73.57,15,192,-43.570 delta AIC,NA,NA,<0.001,Adding genet x trt improves fit by dAIC=-43.6 (sig),code/13_genet_interaction.R
Survival,Hole in center,Cox PH,HR 31C/28C [genet=a],Wald z,0.51,1,8,1.440 hazard ratio,+44.0%,"[0.36, 5.83]",0.610,"hole_in_center: no detectable change under 31C (HR=1.44, n.s.)",code/14_morphology_kaplan.R
Survival,Hole in center,Cox PH,HR 31C/28C [genet=c],Wald z,0.27,1,8,1.209 hazard ratio,+20.9%,"[0.30, 4.88]",0.789,"hole_in_center: no detectable change under 31C (HR=1.21, n.s.)",code/14_morphology_kaplan.R
Survival,Hole in center,Cox PH,HR 31C/28C [genet=d],Wald z,0.55,1,8,1.523 hazard ratio,+52.3%,"[0.34, 6.88]",0.584,"hole_in_center: no detectable change under 31C (HR=1.52, n.s.)",code/14_morphology_kaplan.R
Survival,Hole in center,Cox PH,HR 31C/28C [overall (strata=thicket)],Wald z,0.76,1,24,1.378 hazard ratio,+37.8%,"[0.60, 3.15]",0.447,"hole_in_center: no detectable change under 31C (HR=1.38, n.s.)",code/14_morphology_kaplan.R
Survival,Hole in center,Cox PH,LRT: genet main effect,LRT chi-sq,1.13,2,NA,NA,NA,NA,0.567,Genet main effect on hole_in_center healing: n.s.,code/14_morphology_kaplan.R
Survival,Hole in center,Cox PH,LRT: genet x treatment,LRT chi-sq,0.02,2,NA,NA,NA,NA,0.989,Genet x treatment on hole_in_center healing: n.s.,code/14_morphology_kaplan.R
Survival,New corallites on tip,Cox PH,HR 31C/28C [genet=a],Wald z,-0.00,1,8,0.000 hazard ratio,-100.0%,"[0.00, Inf]",0.999,"new_corallites_on_tip: no detectable change under 31C (HR=0.00, n.s.)",code/14_morphology_kaplan.R
Survival,New corallites on tip,Cox PH,HR 31C/28C [genet=c],Wald z,-0.59,1,8,0.637 hazard ratio,-36.3%,"[0.14, 2.85]",0.556,"new_corallites_on_tip: no detectable change under 31C (HR=0.64, n.s.)",code/14_morphology_kaplan.R
Survival,New corallites on tip,Cox PH,HR 31C/28C [genet=d],Wald z,-1.75,1,8,0.135 hazard ratio,-86.5%,"[0.01, 1.27]",0.080,"new_corallites_on_tip: no detectable change under 31C (HR=0.14, n.s.)",code/14_morphology_kaplan.R
Survival,New corallites on tip,Cox PH,HR 31C/28C [overall (strata=thicket)],Wald z,-2.59,1,24,0.217 hazard ratio,-78.3%,"[0.07, 0.69]",0.009,"new_corallites_on_tip: delayed onset under 31C (HR=0.22, sig)",code/14_morphology_kaplan.R
Survival,New corallites on tip,Cox PH,LRT: genet main effect,LRT chi-sq,1.38,2,NA,NA,NA,NA,0.502,Genet main effect on new_corallites_on_tip healing: n.s.,code/14_morphology_kaplan.R
Survival,New corallites on tip,Cox PH,LRT: genet x treatment,LRT chi-sq,11.30,2,NA,NA,NA,NA,0.004,Genet x treatment on new_corallites_on_tip healing: sig,code/14_morphology_kaplan.R
Survival,Pigment over wound,Cox PH,HR 31C/28C [genet=c],Wald z,1.49,1,8,5.463 hazard ratio,+446.4%,"[0.58, 51.33]",0.137,"pigment_over_wound: no detectable change under 31C (HR=5.46, n.s.)",code/14_morphology_kaplan.R
Survival,Pigment over wound,Cox PH,HR 31C/28C [genet=d],Wald z,-0.00,1,8,0.000 hazard ratio,-100.0%,"[0.00, Inf]",0.999,"pigment_over_wound: no detectable change under 31C (HR=0.00, n.s.)",code/14_morphology_kaplan.R
Survival,Pigment over wound,Cox PH,HR 31C/28C [overall (strata=thicket)],Wald z,0.71,1,24,1.604 hazard ratio,+60.4%,"[0.44, 5.86]",0.475,"pigment_over_wound: no detectable change under 31C (HR=1.60, n.s.)",code/14_morphology_kaplan.R
Survival,Pigment over wound,Cox PH,LRT: genet main effect,LRT chi-sq,1.16,2,NA,NA,NA,NA,0.560,Genet main effect on pigment_over_wound healing: n.s.,code/14_morphology_kaplan.R
Survival,Pigment over wound,Cox PH,LRT: genet x treatment,LRT chi-sq,13.28,2,NA,NA,NA,NA,0.001,Genet x treatment on pigment_over_wound healing: sig,code/14_morphology_kaplan.R
Survival,Pigment over wound,Cox PH (time-varying),tt(treatment) [genet=c (tt log(t+1))],Wald z,1.52,1,8,0.651 log-HR slope vs log(t+1),NA,"[-0.19, 1.49]",0.127,PH-corrected per-genet test (genet=c (tt log(t+1))): n.s. — original per-genet HR was inflated by PH violation. time-varying coefficient on treatment; HR is exp(coef * log(t+1)),code/14_morphology_kaplan.R
Survival,Polyp in hole,Cox PH,HR 31C/28C [genet=a],Wald z,0.51,1,8,1.440 hazard ratio,+44.0%,"[0.36, 5.83]",0.610,"polyp_in_hole: no detectable change under 31C (HR=1.44, n.s.)",code/14_morphology_kaplan.R
Survival,Polyp in hole,Cox PH,HR 31C/28C [genet=c],Wald z,0.27,1,8,1.209 hazard ratio,+20.9%,"[0.30, 4.88]",0.789,"polyp_in_hole: no detectable change under 31C (HR=1.21, n.s.)",code/14_morphology_kaplan.R
Survival,Polyp in hole,Cox PH,HR 31C/28C [genet=d],Wald z,0.55,1,8,1.523 hazard ratio,+52.3%,"[0.34, 6.88]",0.584,"polyp_in_hole: no detectable change under 31C (HR=1.52, n.s.)",code/14_morphology_kaplan.R
Survival,Polyp in hole,Cox PH,HR 31C/28C [overall (strata=thicket)],Wald z,0.76,1,24,1.378 hazard ratio,+37.8%,"[0.60, 3.15]",0.447,"polyp_in_hole: no detectable change under 31C (HR=1.38, n.s.)",code/14_morphology_kaplan.R
Survival,Polyp in hole,Cox PH,LRT: genet main effect,LRT chi-sq,1.13,2,NA,NA,NA,NA,0.567,Genet main effect on polyp_in_hole healing: n.s.,code/14_morphology_kaplan.R
Survival,Polyp in hole,Cox PH,LRT: genet x treatment,LRT chi-sq,0.02,2,NA,NA,NA,NA,0.989,Genet x treatment on polyp_in_hole healing: n.s.,code/14_morphology_kaplan.R
Survival,Tip exist,Cox PH,HR 31C/28C [genet=a],Wald z,-1.32,1,8,0.312 hazard ratio,-68.8%,"[0.06, 1.77]",0.188,"tip_exist: no detectable change under 31C (HR=0.31, n.s.)",code/14_morphology_kaplan.R
Survival,Tip exist,Cox PH,HR 31C/28C [genet=c],Wald z,0.41,1,8,1.341 hazard ratio,+34.1%,"[0.33, 5.38]",0.679,"tip_exist: no detectable change under 31C (HR=1.34, n.s.)",code/14_morphology_kaplan.R
Survival,Tip exist,Cox PH,HR 31C/28C [genet=d],Wald z,-0.75,1,8,0.562 hazard ratio,-43.8%,"[0.12, 2.55]",0.455,"tip_exist: no detectable change under 31C (HR=0.56, n.s.)",code/14_morphology_kaplan.R
Survival,Tip exist,Cox PH,HR 31C/28C [overall (strata=thicket)],Wald z,-0.90,1,24,0.666 hazard ratio,-33.4%,"[0.28, 1.61]",0.368,"tip_exist: no detectable change under 31C (HR=0.67, n.s.)",code/14_morphology_kaplan.R
Survival,Tip exist,Cox PH,LRT: genet main effect,LRT chi-sq,3.81,2,NA,NA,NA,NA,0.149,Genet main effect on tip_exist healing: n.s.,code/14_morphology_kaplan.R
Survival,Tip exist,Cox PH,LRT: genet x treatment,LRT chi-sq,2.38,2,NA,NA,NA,NA,0.304,Genet x treatment on tip_exist healing: n.s.,code/14_morphology_kaplan.R
Survival,Tip extension,Cox PH,HR 31C/28C [genet=a],Wald z,0.00,1,8,1.000 hazard ratio,+0.0%,"[0.25, 4.00]",1.000,"tip_extension: no detectable change under 31C (HR=1.00, n.s.)",code/14_morphology_kaplan.R
Survival,Tip extension,Cox PH,HR 31C/28C [genet=c],Wald z,-0.15,1,8,0.893 hazard ratio,-10.7%,"[0.19, 4.09]",0.884,"tip_extension: no detectable change under 31C (HR=0.89, n.s.)",code/14_morphology_kaplan.R
Survival,Tip extension,Cox PH,HR 31C/28C [genet=d],Wald z,-0.75,1,8,0.562 hazard ratio,-43.8%,"[0.12, 2.55]",0.455,"tip_extension: no detectable change under 31C (HR=0.56, n.s.)",code/14_morphology_kaplan.R
Survival,Tip extension,Cox PH,HR 31C/28C [overall (strata=thicket)],Wald z,-0.51,1,24,0.804 hazard ratio,-19.6%,"[0.34, 1.87]",0.613,"tip_extension: no detectable change under 31C (HR=0.80, n.s.)",code/14_morphology_kaplan.R
Survival,Tip extension,Cox PH,LRT: genet main effect,LRT chi-sq,3.47,2,NA,NA,NA,NA,0.177,Genet main effect on tip_extension healing: n.s.,code/14_morphology_kaplan.R
Survival,Tip extension,Cox PH,LRT: genet x treatment,LRT chi-sq,0.93,2,NA,NA,NA,NA,0.629,Genet x treatment on tip_extension healing: n.s.,code/14_morphology_kaplan.R
Survival,Wound smoothed,Cox PH,HR 31C/28C [genet=a],Wald z,0.00,1,8,1.000 hazard ratio,+0.0%,"[0.25, 4.00]",1.000,"wound_smoothed: no detectable change under 31C (HR=1.00, n.s.)",code/14_morphology_kaplan.R
Survival,Wound smoothed,Cox PH,HR 31C/28C [genet=c],Wald z,0.75,1,8,1.781 hazard ratio,+78.1%,"[0.39, 8.09]",0.455,"wound_smoothed: no detectable change under 31C (HR=1.78, n.s.)",code/14_morphology_kaplan.R
Survival,Wound smoothed,Cox PH,HR 31C/28C [genet=d],Wald z,1.32,1,8,3.202 hazard ratio,+220.2%,"[0.57, 18.14]",0.188,"wound_smoothed: no detectable change under 31C (HR=3.20, n.s.)",code/14_morphology_kaplan.R
Survival,Wound smoothed,Cox PH,HR 31C/28C [overall (strata=thicket)],Wald z,1.15,1,24,1.670 hazard ratio,+67.0%,"[0.69, 4.01]",0.252,"wound_smoothed: no detectable change under 31C (HR=1.67, n.s.)",code/14_morphology_kaplan.R
Survival,Wound smoothed,Cox PH,LRT: genet main effect,LRT chi-sq,0.48,2,NA,NA,NA,NA,0.785,Genet main effect on wound_smoothed healing: n.s.,code/14_morphology_kaplan.R
Survival,Wound smoothed,Cox PH,LRT: genet x treatment,LRT chi-sq,1.11,2,NA,NA,NA,NA,0.574,Genet x treatment on wound_smoothed healing: n.s.,code/14_morphology_kaplan.R
Survival diagnostic,Hole in center,cox.zph (Schoenfeld),proportional-hazards test (treatment),cox.zph chi-sq,0.08,1,24,NA,NA,NA,0.771,PH assumption met (p>=0.05),code/14_morphology_kaplan.R
Survival diagnostic,New corallites on tip,cox.zph (Schoenfeld),proportional-hazards test (treatment),cox.zph chi-sq,3.56,1,16,NA,NA,NA,0.059,PH assumption met (p>=0.05),code/14_morphology_kaplan.R
Survival diagnostic,Pigment over wound,cox.zph (Schoenfeld),proportional-hazards test (treatment),cox.zph chi-sq,3.31,1,10,NA,NA,NA,0.069,PH assumption met (p>=0.05),code/14_morphology_kaplan.R
Survival diagnostic,Polyp in hole,cox.zph (Schoenfeld),proportional-hazards test (treatment),cox.zph chi-sq,0.08,1,24,NA,NA,NA,0.771,PH assumption met (p>=0.05),code/14_morphology_kaplan.R
Survival diagnostic,Tip exist,cox.zph (Schoenfeld),proportional-hazards test (treatment),cox.zph chi-sq,0.26,1,24,NA,NA,NA,0.613,PH assumption met (p>=0.05),code/14_morphology_kaplan.R
Survival diagnostic,Tip extension,cox.zph (Schoenfeld),proportional-hazards test (treatment),cox.zph chi-sq,2.55,1,22,NA,NA,NA,0.110,PH assumption met (p>=0.05),code/14_morphology_kaplan.R
Survival diagnostic,Wound smoothed,cox.zph (Schoenfeld),proportional-hazards test (treatment),cox.zph chi-sq,0.15,1,24,NA,NA,NA,0.700,PH assumption met (p>=0.05),code/14_morphology_kaplan.R
Thermal context (external benchmark),"A. pulchra acute Fv/Fm ED50 (Cunning et al. 2024, Mahana)",CBASS reference,28 °C below mean ED50 (°C),reference value,7.41,NA,NA,7.405 °C or count,NA,NA,NA,acute thermal-tolerance benchmark; 31C chronic is sublethal (below acute ED50),code/26_thermal_context.R
Thermal context (external benchmark),"A. pulchra acute Fv/Fm ED50 (Cunning et al. 2024, Mahana)",CBASS reference,31 °C below lowest-genet ED50 (°C),reference value,3.39,NA,NA,3.390 °C or count,NA,NA,NA,acute thermal-tolerance benchmark; 31C chronic is sublethal (below acute ED50),code/26_thermal_context.R
Thermal context (external benchmark),"A. pulchra acute Fv/Fm ED50 (Cunning et al. 2024, Mahana)",CBASS reference,31 °C below mean ED50 (°C),reference value,4.41,NA,NA,4.405 °C or count,NA,NA,NA,acute thermal-tolerance benchmark; 31C chronic is sublethal (below acute ED50),code/26_thermal_context.R
Thermal context (external benchmark),"A. pulchra acute Fv/Fm ED50 (Cunning et al. 2024, Mahana)",CBASS reference,acute ED50 CV (%),reference value,1.68,NA,NA,1.677 °C or count,NA,NA,NA,acute thermal-tolerance benchmark; 31C chronic is sublethal (below acute ED50),code/26_thermal_context.R
Thermal context (external benchmark),"A. pulchra acute Fv/Fm ED50 (Cunning et al. 2024, Mahana)",CBASS reference,acute ED50 SD (°C),reference value,0.59,NA,NA,0.594 °C or count,NA,NA,NA,acute thermal-tolerance benchmark; 31C chronic is sublethal (below acute ED50),code/26_thermal_context.R
Thermal context (external benchmark),"A. pulchra acute Fv/Fm ED50 (Cunning et al. 2024, Mahana)",CBASS reference,acute ED50 mean (°C),reference value,35.41,NA,NA,35.405 °C or count,NA,NA,NA,acute thermal-tolerance benchmark; 31C chronic is sublethal (below acute ED50),code/26_thermal_context.R
Thermal context (external benchmark),"A. pulchra acute Fv/Fm ED50 (Cunning et al. 2024, Mahana)",CBASS reference,acute ED50 range (°C),reference value,2.20,NA,NA,2.203 °C or count,NA,NA,NA,acute thermal-tolerance benchmark; 31C chronic is sublethal (below acute ED50),code/26_thermal_context.R
Thermal context (external benchmark),"A. pulchra acute Fv/Fm ED50 (Cunning et al. 2024, Mahana)",CBASS reference,n genets (Cunning),reference value,20.00,NA,NA,20.000 °C or count,NA,NA,NA,acute thermal-tolerance benchmark; 31C chronic is sublethal (below acute ED50),code/26_thermal_context.R
Time-series diagnostic,Color (D-scale),diagnostic,AR(1) temporal autocorrelation (LRT vs no-corr),LRT / Wald,0.00,1,NA,NA,NA,NA,1.000,no significant residual autocorrelation,code/23_timeseries_diagnostics.R
Time-series diagnostic,Color (D-scale),diagnostic,"nonlinearity of time (quadratic vs linear, LRT)",LRT / Wald,15.77,2,NA,NA,NA,NA,<0.001,trajectory is NONLINEAR — linear slope is an approximation,code/23_timeseries_diagnostics.R
Time-series diagnostic,Color (D-scale),diagnostic,random slope of time by coral (LRT vs intercept-only),LRT / Wald,83.98,2,NA,NA,NA,NA,<0.001,random slope improves fit (individual trajectories differ),code/23_timeseries_diagnostics.R
Time-series diagnostic,Color (D-scale),diagnostic,treatment×time robustness to AR(1),LRT / Wald,-10.08,NA,NA,NA,NA,NA,<0.001,"treatment×time p: base=1.76e-20, AR(1)=1.76e-20 — conclusion unchanged",code/23_timeseries_diagnostics.R
Time-series diagnostic,PAM Fv/Fm,diagnostic,AR(1) temporal autocorrelation (LRT vs no-corr),LRT / Wald,10.38,1,NA,NA,NA,NA,0.001,autocorrelation PRESENT (phi=-0.41); refit AR(1),code/23_timeseries_diagnostics.R
Time-series diagnostic,PAM Fv/Fm,diagnostic,"nonlinearity of time (quadratic vs linear, LRT)",LRT / Wald,9.91,2,NA,NA,NA,NA,0.007,trajectory is NONLINEAR — linear slope is an approximation,code/23_timeseries_diagnostics.R
Time-series diagnostic,PAM Fv/Fm,diagnostic,random slope of time by coral (LRT vs intercept-only),LRT / Wald,23.07,2,NA,NA,NA,NA,<0.001,random slope improves fit (individual trajectories differ),code/23_timeseries_diagnostics.R
Time-series diagnostic,PAM Fv/Fm,diagnostic,treatment×time robustness to AR(1),LRT / Wald,-6.93,NA,NA,NA,NA,NA,<0.001,"treatment×time p: base=1.37e-10, AR(1)=3.04e-11 — conclusion unchanged",code/23_timeseries_diagnostics.R
Time-series diagnostic,log symbionts (cross-sectional),diagnostic,"nonlinearity of time (quadratic vs linear, LRT)",LRT / Wald,8.70,2,NA,NA,NA,NA,0.013,trajectory is NONLINEAR — linear slope is an approximation,code/23_timeseries_diagnostics.R
